[
    { "module_name" : "public" , "screen_name" : "goves" , "name":"goves_manage" , "en":"Manage" , "ar":"إدارة"},
    { "module_name" : "public" , "screen_name" : "goves" , "name":"goves_add" , "en":"Add" , "ar":"إضافة"},
    { "module_name" : "public" , "screen_name" : "goves" , "name":"goves_update" , "en":"Edit" , "ar":"تعديل"},
    { "module_name" : "public" , "screen_name" : "goves" , "name":"goves_delete" , "en":"Delete" , "ar":"حذف"},
    { "module_name" : "public" , "screen_name" : "goves" , "name":"goves_view" , "en":"View" , "ar":"عرض"},
    { "module_name" : "public" , "screen_name" : "goves" , "name":"goves_search" , "en":"Search" , "ar":"بحث"},
    { "module_name" : "public" , "screen_name" : "goves" , "name":"goves_export" , "en":"Export" , "ar":"تصدير"},
    { "module_name" : "public" , "screen_name" : "goves" , "name":"goves_print" , "en":"Print" , "ar":"طباعة"},
    { "module_name" : "public" , "screen_name" : "goves" , "name":"goves_ui" , "en":"UI" , "ar":"الواجهة الرسومية"}
]