[{
        "name": "notificationDeleted",
        "en": "notification Deleted",
        "ar": "تم حذف الاشعار"
    },
    {
        "name": "notificationsDeleted",
        "en": "notifications Deleted",
        "ar": "تم حذف الاشعارات"
    },
    {
        "name": "goves_new",
        "en": "New Gov",
        "ar": "محافظة جديدة"
    },

    {
        "name": "findNotification",
        "en": "find Notification",
        "ar": "تم العثور على اشعارات "
    },
    {
        "name": "notFindNotification",
        "en": "not Find Notification",
        "ar": "لم يتم العثور على اشعارات"
    },
    {
        "name": "goves_details",
        "en": "Gov Details",
        "ar": "تفاصيل المحافظة "
    },
    {
        "name": "goves_delete",
        "en": "Delete Gov",
        "ar": "حذف محافظة "
    },
    {
        "name": "goves_name",
        "en": "Gov Name",
        "ar": "إسم المحافظة "
    },
{
    "name" : "nameExist",
    "en": "Name Exist",
    "ar": "الاسم موجود من قبل "
},

{
"name" : "govCreated",
"en": "Gov Created",
    "ar": "تم انشاء محافظة"
}

]