[
    {
        "name": "departments",
        "en": "Departments",
        "ar": "الاقسام"
    },
    {
        "name": "departments_new",
        "en": "New Departments",
        "ar": "قسم جديد"
    },
    {
        "name": "departments_name",
        "en": "Department Name",
        "ar": "اسم القسم"
    },
    {
        "name": "departments_add",
        "en": "Add Department",
        "ar": "اضافة قسم"
    },
    {
        "name": "departments_edit",
        "en": "Edit departments",
        "ar": "تعديل الاقسام"
    },
    {
        "name": "departments_details",
        "en": "Department Details",
        "ar": "تفاصيل القسم"
    },
    {
        "name": "departments_delete",
        "en": "Delete Department",
        "ar": "حذف القسم"
    },
    {
        "name": "nameExist",
        "en": "Name Exist",
        "ar": "الاسم موجود من قبل "
    },
    {
        "name": "departmentsCreated",
        "en": "Department Created",
        "ar": "تم انشاء محافظة"
    },
    {
        "name": "departmentsCreated",
        "en": "Department Created",
        "ar": "تم انشاء تخصص"
    },
    {
        "name": "departmentsDeleted",
        "en": "Department Deleted",
        "ar": "تم حذف تخصص"
    }
]