[
    {
        "name": "insuranceCompanies",
        "en": "Insurance Companies",
        "ar": "شركات التأمين"
    },
    {
        "name": "insuranceCompanies_new",
        "en": "New Insurance Company",
        "ar": "شركة تامين جديدة"
    },
    {
        "name": "insuranceCompanies_add",
        "en": "Add Insurance Company",
        "ar": "إضافة شركة تامين "
    },
    {
        "name": "insuranceCompanies_edit",
        "en": "Edit Insurance Company",
        "ar": "تعديل شركة تامين "
    },
    {
        "name": "insuranceCompanies_details",
        "en": "Insurance Company Details",
        "ar": "تفاصيل شركة تامين "
    },
    {
        "name": "insuranceCompanies__delete",
        "en": "Delete Insurance Company",
        "ar": "حذف شركة تامين "
    },
    {
        "name": "insuranceCompanies_name",
        "en": "Insurance Company Name",
        "ar": "إسم شركة تامين "
    },
    {
        "name": "nameExist",
        "en": "Name Exist",
        "ar": "الاسم موجود من قبل "
    },
    {
        "name": "insuranceCompanyDeleted",
        "en": "insurance Company Deleted",
        "ar": "تم حذف شركة تأمين"
    },
    {
        "name": "insuranceCompanyCreated",
        "en": "insurance Company Created",
        "ar": "تم إنشاء شركة تأمين"
    }
    
]