[{
        "name": "settings",
        "en": "Settings",
        "ar": "الاعدادات"
    },
    {
        "name": "settings_new",
        "en": "New Settings",
        "ar": "اعدادات جديدة"
    },

    {
        "name": "settings_add",
        "en": "Add Settings",
        "ar": "إضافة اعدادات "
    },
    {
        "name": "settings_edit",
        "en": "Edit Settings",
        "ar": "تعديل اعدادات "
    },
    {
        "name": "settings_details",
        "en": "Settings Details",
        "ar": "تفاصيل الاعدادات "
    },
    {
        "name": "settings_delete",
        "en": "Delete Settings",
        "ar": "حذف الاعدادات "
    },
    {
        "name": "companyName",
        "en": "Company Name",
        "ar": "إسم الشركة "
    },
    {
        "name": "settingExist",
        "en": "Setting Exist",
        "ar": "يوجد اعداد من قبل"
    },

    {
        "name": "companyEmail",
        "en": "Company Email",
        "ar": "ايميل الشركة"
    },
    {
        "name": "companyPhone",
        "en": "Company Phone",
        "ar": "تليفون الشركة"
    },
    {
        "name": "companyAddress",
        "en": "Company Address",
        "ar": "عنوان الشركة"
    },
    {
        "name": "aboutUs",
        "en": "About Us",
        "ar": "من نحن"
    },
    {
        "name": "policy",
        "en": "Policy",
        "ar": "سياسة الشركة"
    }

]