[{
        "name": "doctorTitle",
        "en": "doctor Title",
        "ar": "اللقب"
    },
    {
        "name": "degree",
        "en": "degree",
        "ar": "الدرجة العلمية"
    }, {
        "name": "department",
        "en": "department",
        "ar": "القسم"
    }, {
        "name": "doctors",
        "en": "doctors",
        "ar": "الاطباء"
    }, {
        "name": "doctors_new",
        "en": "new Doctors",
        "ar": "طبيب جديد"
    },
    {
        "name": "doctors_name",
        "en": "Doctor Name",
        "ar": "اسم الطبيب"
    },
    {
        "name": "doctors_delete",
        "en": "Delete Doctors",
        "ar":"حذف طبيب"
    },
    {
        "name": "doctors_add",
        "en": "Add Doctor",
        "ar":"اضافة طبيب"
    },
    {
        "name": "doctors_edit",
        "en": "Edit Doctors",
        "ar":"تعديل طبيب"
    },
    {
        "name": "doctors_details",
        "en": "Doctor Details",
        "ar":"تفاصيل الطبيب"
    },
  
    {
        "name": "hint",
        "en": "Hint",
        "ar": "نبذه"
    },
    {
        "name": "periodPerMinutes",
        "en": "period Per Minutes",
        "ar": "مدة الكشف بالدقائق"
    },
    {
        "name": "doctorRatingError",
        "en": "doctor Rating Error",
        "ar": "حدث خطا في تقييم الدكتور"
    },
    {
        "name": "appointmentClosed",
        "en": "appointment Closed",
        "ar": "تم اغلاق الموعد "
    },
    {
        "name": "goves_delete",
        "en": "Delete Gov",
        "ar": "حذف محافظة "
    },
    {
        "name": "goves_name",
        "en": "Gov Name",
        "ar": "إسم المحافظة "
    },
    {
        "name": "nameExist",
        "en": "Name Exist",
        "ar": "الاسم موجود من قبل "
    },
    {
        "name": "govDeleted",
        "en": "Gov Deleted",
        "ar": "تم حذف المحافظة"
    },
    {
        "name": "govCreated",
        "en": "Gov Created",
        "ar": "تم انشاء المحافظة"
    },
    {
        "name": "dateRemoved",
        "en": "date Removed",
        "ar": "تم حذف اليوم "
    },
    {
        "name": "activateDoctorFirst",
        "en": "activate Doctor First",
        "ar": "برجاء تفعيل بيانات الدكتور"
        
    },
    {
        "name": "emailOrPasswordInCorrect",
        "en": "Email or Password InCorrect",
        "ar": "البريد الاليكتروني او كلمة المرور غير صحيحة"
        
    },


    {
        "name": "insuranceCompanyNotExist",
        "en": "insurance Company Not Exist",
        "ar": "لا يوجد شركة تامين"
        
    },
    {
        "name": "appointmentAlreadyExist",
        "en": "Appointment Alraedy Exist",
        "ar": "هذا الموعد متواجد من قبل"
        
    },
    {
        "name": "dateAlreadyExist",
        "en": "Date Alraedy Exist",
        "ar": "هذا التاريخ متواجد من قبل"
        
    },


    {
        "name": "cantRemoveDate",
        "en": "You can't delete this day because there are appointments booked inside of it",
        "ar": "لا يمكنك مسح هذا اليوم لوجود مواعيد محجوزة بداخله"
        
    }

]