[
    {
        "name": "goves",
        "en": "Goves",
        "ar": "المحافظات"
    },
    {
        "name": "goves_new",
        "en": "New Gov",
        "ar": "محافظة جديدة"
    },
    {
        "name": "goves_add",
        "en": "Add Gov",
        "ar": "إضافة محافظة "
    },
    {
        "name": "goves_edit",
        "en": "Edit Gov",
        "ar": "تعديل محافظة "
    },
    {
        "name": "appointmentClosed",
        "en": "appointment Closed",
        "ar": "تم اغلاق الموعد "
    },
    {
        "name": "goves_delete",
        "en": "Delete Gov",
        "ar": "حذف محافظة "
    },
    {
        "name": "goves_name",
        "en": "Gov Name",
        "ar": "إسم المحافظة "
    },
    {
        "name": "nameExist",
        "en": "Name Exist",
        "ar": "الاسم موجود من قبل "
    },
    {
        "name": "govDeleted",
        "en": "Gov Deleted",
        "ar": "تم حذف المحافظة"
    },
    {
        "name":"govCreated",
        "en": "Gov Created",
        "ar": "تم انشاء المحافظة"
    },
    {
        "name": "dateRemoved",
        "en": "date Removed",
        "ar": "تم حذف اليوم "
    }
   
]