[{
        "module_name": "public",
        "screen_name": "companies",
        "name": "companies_manage",
        "en": "Manage",
        "ar": "إدارة"
    },
    {
        "module_name": "public",
        "screen_name": "companies",
        "name": "companies_add",
        "en": "Add",
        "ar": "إضافة"
    },
    {
        "module_name": "public",
        "screen_name": "companies",
        "name": "companies_edit",
        "en": "Edit",
        "ar": "تعديل"
    },
    {
        "module_name": "public",
        "screen_name": "companies",
        "name": "companies_delete",
        "en": "Delete",
        "ar": "حذف"
    },
    {
        "module_name": "public",
        "screen_name": "companies",
        "name": "companies_view",
        "en": "View",
        "ar": "عرض"
    },
    {
        "module_name": "public",
        "screen_name": "companies",
        "name": "companies_search",
        "en": "Search",
        "ar": "بحث"
    },
    {
        "module_name": "public",
        "screen_name": "companies",
        "name": "companies_export",
        "en": "Export",
        "ar": "تصدير"
    },
    
    {
        "module_name": "public",
        "screen_name": "companies",
        "name": "companies_print",
        "en": "Print",
        "ar": "طباعة"
    },
    {
        "module_name": "public",
        "screen_name": "companies",
        "name": "companies_ui",
        "en": "UI",
        "ar": "الواجهة الرسومية"
    }
]