[
    {"name" : "companies" , "en" : "Compaines" , "ar" : "الشركات"},
    {"name" : "companies_add" , "en" : "Add company" , "ar" : "إضافة شركة"},
    {"name" : "companies_edit" , "en" : "Edit company" , "ar" : "تعديل شركة"},
    {"name" : "companies_informations" , "en" : "company Informations" , "ar" : "بيانات الشركة"},
    {"name" : "companies_basic_information" , "en" : "Basic Informations" , "ar" : "البيانات الاساسية"},
    {"name" : "companies_contact_information" , "en" : "Contact Informations" , "ar" : "بيانات الاتصال"},
    {"name" : "companies_details" , "en" : "company Details" , "ar" : "تفاصيل الشركة"},
    {"name" : "companies_delete" , "en" : "Delete company" , "ar" : "حذف شركة"},
    {"name" : "companies_code" , "en" : "company Code" , "ar" : "كود الشركة"},
    {"name" : "companies_phone" , "en" : "Phone" , "ar" : "التليفون"},
    {"name" : "companies_mobile" , "en" : "Mobile" , "ar" : "المحمول"},
    {"name" : "companies_activity" , "en" : "Activity" , "ar" : "النشاط"},
    {"name" : "companies_branches_informations" , "en" : "Branches Informations" , "ar" : "بيانات الفروع"},
    {"name" : "companies_branch" , "en" : "Branch" , "ar" : "الفرع"},
    {"name" : "companies_branch_information" , "en" : "Branch Information" , "ar" : "بيانات الفرع"},
    {"name" : "companies_contact_charge" , "en" : "Charge Information" , "ar" : "بيانات المسئول"},

    {"name" : "count_items" , "en" : "Items Count" , "ar" : "عدد الأصناف"},
    {"name" : "count_units" , "en" : "Units Count" , "ar" : "عدد الوحدات"},
    {"name" : "count_stores" , "en" : "Stores Count" , "ar" : "عدد المخازن"},
    {"name" : "count_currencies" , "en" : "Currencies Count" , "ar" : "عدد العملات"},
    {"name" : "count_branches" , "en" : "Branches Count" , "ar" : "عدد الفروع"},
    {"name" : "compaines_users_count" , "en" : "Users Count" , "ar" : "عدد المستخدمين"},

    {"name" : "companies_branch_code" , "en" : "Branch Code" , "ar" : "كود الفرع"},
    {"name" : "companies_branch_name" , "en" : "Branch Name" , "ar" : "إسم الفرع"},
    {"name" : "companies_branch_name_ar" , "en" : "Branch Name Arabic" , "ar" : "إسم الفرع بالعربى"},
    {"name" : "companies_branch_name_en" , "en" : "Branch Name English" , "ar" : "إسم الفرع بالانجليزى"},
    {"name" : "companies_branch_notes" , "en" : "Branch Notes" , "ar" : "ملاحظات الفرع"},

    {"name" : "companies_charge_name" , "en" : "Charge Name" , "ar" : "إسم المسئول"},
    {"name" : "companies_charge_job" , "en" : "Charge Job" , "ar" : "الوظيفة"},
    {"name" : "companies_internal_number" , "en" : "Internal Number" , "ar" : "الرقم الداخلي"},


    {"name" : "companies_banking_informations" , "en" : "Banking Informations" , "ar" : "البنوك"},
    {"name" : "companies_bank_information" , "en" : "Bank Information" , "ar" : "بيانات البنك"},
    {"name" : "companies_bank_name" , "en" : "Bank Name" , "ar" : "إسم البنك"},
    {"name" : "companies_bank_account_number" , "en" : "Bank Account Number" , "ar" : "رقم الحساب"},
    {"name" : "companies_filter_with_date" , "en" : "Filter With Date" , "ar" : "تصفية البيانات بالتاريخ"},
    {"name" : "companies_calender_type" , "en" : "Calender Type" , "ar" : "نوع التقويم"},
    {"name" : "companies_gegorian" , "en" : "Gregorian" , "ar" : "ميلادي"},
    {"name" : "companies_hijri" , "en" : "Hijri" , "ar" : "هجري"},
    {"name" : "companies_date" , "en" : "Date" , "ar" : "التاريخ"},


    {"name" : "customers_count" , "en" : "Customers Count" , "ar" : "عدد العملاء"},
    {"name" : "employees_count" , "en" : "Employees Count" , "ar" : "عدد الموظفين"},
    {"name" : "companies_gov" , "en" : "Gov" , "ar" : "المحافظة"},
    {"name" : "companies_city" , "en" : "City" , "ar" : "المدينة"},
    {"name" : "companies_email" , "en" : "Email" , "ar" : "البريد الالكتروني"},
    {"name" : "companies_fax" , "en" : "Fax" , "ar" : "الفاكس"},
    {"name" : "companies_name_ar" , "en" : "company Name Arabic" , "ar" : "إسم الشركة"},
    {"name" : "companies_name_en" , "en" : "company Name English" , "ar" : "إسم الشركة بالانجليزية"},
    {"name" : "companies_excahange_price" , "en" : "Exchange Price" , "ar" : "سعر الصرف"},
    {"name" : "companies_company_swift_code" , "en" : "Swift Code" , "ar" : "رقم السويفت"},
    {"name" : "companies_new" , "en" : "New company" , "ar" : "شركة جديد"},
    {"name" : "domain_example" , "en" : "example : domain.com" , "ar" : "example : domain.com"},

    {"name" : "companies_country" , "en" : "Coutntry" , "ar" : "الدولة"},
    {"name" : "companies_address" , "en" : "Address" , "ar" : "العنوان"},
    {"name" : "host_domain" , "en" : "Host Domain" , "ar" : "مضيف / نطاق"},
    {"name" : "companies_customer_service" , "en" : "Customer Services" , "ar" : "خدمة العملاء"}  
 
    
    
]