{
    "notAuth":"غير موجود بالصلاحيات",
    "passwordMissing":"الباسورد غير موجودة",
    "phoneDuplicated":"رقم التليفون مسجل من قبل",
    "emailDuplicated":"الايميل مسجل من قبل",
    "insuranceNumberDuplicated":"الرقم التاميني مسجل من قبل",
    "thisRecordUsedBefore" :"هذا البيان مستخدم من قبل" ,
    "userNameDuplicated" : "الاسم مسجل من قبل",
    "passwordIncorrect" : "كلمة السر غير صحيحة",
    "phoneIncorrect" : "رقم التليفون غير صحيح",
    "phoneNotFound" : "رقم التليفون غير مسجل من قبل",
    "accountIncorrect" :"هذا الحساب غير مسجل من قبل",
    "resetPassword" : "تم إعادة تعيين كلمة المرور",
    "wrongHappened" : "حدث خطأ اقناء التنفيذ",
    "accountActivated" : "تم تنشيط الحساب",
    "accountAlreadyActivated" : "الحساب منشط بالفعل",
    "updateNotHappened" : "حدثت مشكلة اثناء التعديل",
    "userDeleted" : "تم حذف المستخدم",
    "deleteNotHappened":"حدثت مشكلة اثناء الحذف",
    "createNotHappened":"حدثت مشكلة اثناء الاضافة",
    "addressDeleted" : "تم حذف العنوان",
    "cityDeleted": "تم حذف المدينة",
    "govDeleted" : "تم حذف المحافظة",
    "govNotFound" : "المحافطة غير موجودة",
    "cityNotFound" : "المدينة غير موجودة",
    "insuranceCompanyDeleted" : "تم حذف شركة التأمين",
    "ordersDeleted" : "تم حذف الطلبات",
    "pharmacyDeleted" : "تم حذف الصيدلية",
    "noCityFound" : "لا يوجد مدينة تابعة للمحافطة",
    "noOrderFound" : "لا يوجد طلبات تابعة للمحافطة",
    "noActiveOrders" : "لا يوجد طلبات للعميل",
    "ordersUpdated" : "تم تعديل حالة الطلب",
    "codeResend" : "تم ارسال الكود",
    "accountNotFound" : "هذا الحساب غير موجود",
    "cityCreated" : "تم انشاء المدينة",
    "addressCreated" :"تم انشاء العنوان",
    "govCreated" : "تم انشاء المحافطة",
    "insuranceCompanyCreated" : "تم إنشاء شركة التامين",
    "orderCreated" : "تم إنشاء الطلب",
    "userCreated" : "تم انشاء المستخدم",
    "cityFound" : "المدينة موجودة",
    "activeOrdersFound" : "يوجد طلبات للعميل",
    "noCanceledOrders" : "لا يوجد طلبات ملغية",
    "canceledOrdersFound" : "يوجد طلبات ملغية",
    "noShippedOrders" : "لا يوجد طلبات سابقة",
    "shippedOrdersFound" : "يوجد طلبات سابقة",
    "updatedSuccessfully" : "تم التعديل بنجاح",
    "findSuccessfully" : "تم العثور عليه بنجاح",
    "findNotHappened" : "لم يتم العثور على نتيجة",
    "findPharmacyNotHappened" : "لم يتم العثور على صيدلية",
    "averageCreated" : "تم الحصول على متوسط التقييم",
    "notoficationDeleted" : "تم مسح الاشعار",
    "allNotoficationsDeleted" : "تم مسح جميع الاشعارات",
    "orderFound" : "تم العثور على الطلب",
    "ordersFound" : "تم العثور على الطلبات",
    "notificationsFound" : "تم العثور على اشعارات",
    "pharmacyUnAvailable" : "الصيدلية غير نشطة",
    "availablePharmacyFound": "تم العثور على صيدليات نشطة",
    "cantCancelTime" : "لا يمكن الغاء الطلب بسبب انتهاء الوقت",
    "findPharmacies" : "تم العثور على صيدليات بنجاح",
    "orderAccepted" : "تم قبول الطلب بنجاح",
    "percentageInCorrect" : "النسبة المئوية غير صحيحة",
    "internetConnected" : "الانترنت متصل",
    "internetDisConnected" : "الانترنت غير متصل",
    "departmentsCreated" : "تم انشاء قسم",
    "insuranceNumberMissing" : "الرقم التاميني غير موجود",
    "cardImageMissing" : "برجاء اضافة الكارت التاميني",
    "consultationCreated" : "تم انشاء جلسة استشارة"
}