[
    { "module_name" : " " , "screen_name" : "gov" , "name":"gov_manage" , "en":"Manage" , "ar":"إدارة"},
    { "module_name" : "public" , "screen_name" : "gov" , "name":"gov_add" , "en":"Add" , "ar":"إضافة"},
    { "module_name" : "public" , "screen_name" : "gov" , "name":"gov_update" , "en":"Edit" , "ar":"تعديل"},
    { "module_name" : "public" , "screen_name" : "gov" , "name":"gov_delete" , "en":"Delete" , "ar":"حذف"},
    { "module_name" : "public" , "screen_name" : "gov" , "name":"gov_view" , "en":"View" , "ar":"عرض"},
    { "module_name" : "public" , "screen_name" : "gov" , "name":"gov_search" , "en":"Search" , "ar":"بحث"},
    { "module_name" : "public" , "screen_name" : "gov" , "name":"gov_export" , "en":"Export" , "ar":"تصدير"},
    { "module_name" : "public" , "screen_name" : "gov" , "name":"gov_print" , "en":"Print" , "ar":"طباعة"},
    { "module_name" : "public" , "screen_name" : "gov" , "name":"gov_ui" , "en":"UI" , "ar":"الواجهة الرسومية"}
]