[{
        "name": "title",
        "en": "Title",
        "ar": "العنوان"
    },
    {
        "name": "complaints",
        "en": "Complaints",
        "ar": "الشكاوى"
    },

    {
        "name": "complaints_new",
        "en": "New Complaints",
        "ar": "شكوى جديدة"
    },
    {
        "name": "complaints_add",
        "en": "Add Complaints",
        "ar": "اضافة شكوى"
    },
    {
        "name": "complaints_delete",
        "en": "Delete Complaints",
        "ar": "حذف شكوى "
    },
    {
        "name": "complaints_edit",
        "en": "Edit Complaints",
        "ar": "تعديل شكوى"
    },
    {
        "name": "complaints_details",
        "en": "Complaints Details",
        "ar": "تفاصيل الشكوى"
    },
{
    "name" : "nameExist",
    "en": "Name Exist",
    "ar": "الاسم موجود من قبل "
},

{
    "name": "complaintsCreated",
    "en": "complaints Created",
    "ar": "تم اضافة شكوى"
}

]