{ 
    "_id" : ObjectId("610bc866d0ea4aaea785d1c2"), 
    "key" : "_0xyyxo_", 
    "value" : "2654127326319191", 
    "app_name" : "storage", 
    "id" : NumberInt(1)
}
{ 
    "_id" : ObjectId("610bc869d0ea4aaea785d1c3"), 
    "key" : "_0xmmxo_", 
    "value" : "26351291", 
    "app_name" : "storage", 
    "id" : NumberInt(2)
}
{ 
    "_id" : ObjectId("610bc869d0ea4aaea785d1c4"), 
    "key" : "_0x12xo_", 
    "value" : true, 
    "app_name" : "storage", 
    "id" : NumberInt(3)
}
{ 
    "_id" : ObjectId("6107104ab10b361f323b8f85"), 
    "key" : "_0xyyxo_", 
    "value" : "2654127326319191", 
    "app_name" : "storage", 
    "id" : NumberInt(4)
}
{ 
    "_id" : ObjectId("610720dbeeb34526a55a5ddf"), 
    "key" : "_0xyyxo_", 
    "value" : "2654127326319191", 
    "app_name" : "storage", 
    "id" : NumberInt(5)
}
{ 
    "_id" : ObjectId("6107267103ed162fbb995fc9"), 
    "key" : "_0xyyxo_", 
    "value" : "2654127326319191", 
    "app_name" : "storage", 
    "id" : NumberInt(6)
}
{ 
    "_id" : ObjectId("61072afaa4f98434104af1f1"), 
    "key" : "_0xyyxo_", 
    "value" : "2654127326319191", 
    "app_name" : "storage", 
    "id" : NumberInt(7)
}
{ 
    "_id" : ObjectId("61072f6639845f389f7c0a9e"), 
    "key" : "_0xyyxo_", 
    "value" : "2654127326319191", 
    "app_name" : "storage", 
    "id" : NumberInt(8)
}
{ 
    "_id" : ObjectId("61073ab9f87d833de31fe513"), 
    "key" : "_0xyyxo_", 
    "value" : "2654127326319191", 
    "app_name" : "storage", 
    "id" : NumberInt(9)
}
{ 
    "_id" : ObjectId("6107436ad0e670425241e0bc"), 
    "key" : "_0xyyxo_", 
    "value" : "2654127326319191", 
    "app_name" : "storage", 
    "id" : NumberInt(10)
}
{ 
    "_id" : ObjectId("61080b351d83ee6f268fe891"), 
    "key" : "_0xyyxo_", 
    "value" : "2654127326319191", 
    "app_name" : "storage", 
    "id" : NumberInt(11)
}
{ 
    "_id" : ObjectId("61081f72196e2671d2dbb0dd"), 
    "key" : "_0xyyxo_", 
    "value" : "2654127326319191", 
    "app_name" : "storage", 
    "id" : NumberInt(12)
}
{ 
    "_id" : ObjectId("61087a6ed4e3d88bbe5534ba"), 
    "key" : "_0xyyxo_", 
    "value" : "2654127326319191", 
    "app_name" : "storage", 
    "id" : NumberInt(13)
}
{ 
    "_id" : ObjectId("61087bea5148998cda32a599"), 
    "key" : "_0xyyxo_", 
    "value" : "2654127326319191", 
    "app_name" : "storage", 
    "id" : NumberInt(14)
}
{ 
    "_id" : ObjectId("6108a4061c9f6b9b50ad2f8c"), 
    "key" : "_0xyyxo_", 
    "value" : "2654127326319191", 
    "app_name" : "storage", 
    "id" : NumberInt(15)
}
{ 
    "_id" : ObjectId("61091df9fb8c47ba68fa38bf"), 
    "key" : "_0xyyxo_", 
    "value" : "2654127326319191", 
    "app_name" : "storage", 
    "id" : NumberInt(16)
}
{ 
    "_id" : ObjectId("610925e18b635abfd51dcbfa"), 
    "key" : "_0xyyxo_", 
    "value" : "2654127326319191", 
    "app_name" : "storage", 
    "id" : NumberInt(17)
}
{ 
    "_id" : ObjectId("6109486211b184cc9eeeabcf"), 
    "key" : "_0xyyxo_", 
    "value" : "2654127326319191", 
    "app_name" : "storage", 
    "id" : NumberInt(18)
}
{ 
    "_id" : ObjectId("610962e4a5ce00f1f47b0271"), 
    "key" : "_0xyyxo_", 
    "value" : "2654127326319191", 
    "app_name" : "storage", 
    "id" : NumberInt(19)
}
{ 
    "_id" : ObjectId("6109704b9d9115f6b7f4904d"), 
    "key" : "_0xyyxo_", 
    "value" : "2654127326319191", 
    "app_name" : "storage", 
    "id" : NumberInt(20)
}
{ 
    "_id" : ObjectId("6109760da8c3d7fc22c3512d"), 
    "key" : "_0xyyxo_", 
    "value" : "2654127326319191", 
    "app_name" : "storage", 
    "id" : NumberInt(21)
}
{ 
    "_id" : ObjectId("61097a7ba9e080fd6b6b141f"), 
    "key" : "_0xyyxo_", 
    "value" : "2654127326319191", 
    "app_name" : "storage", 
    "id" : NumberInt(22)
}
{ 
    "_id" : ObjectId("61098bd816307f07912c217a"), 
    "key" : "_0xyyxo_", 
    "value" : "2654127326319191", 
    "app_name" : "storage", 
    "id" : NumberInt(23)
}
{ 
    "_id" : ObjectId("6109d15c3c1c5b1a58ce157d"), 
    "key" : "_0xyyxo_", 
    "value" : "2654127326319191", 
    "app_name" : "storage", 
    "id" : NumberInt(24)
}
{ 
    "_id" : ObjectId("6109d76d48a9df280612ddf9"), 
    "key" : "_0xyyxo_", 
    "value" : "2654127326319191", 
    "app_name" : "storage", 
    "id" : NumberInt(25)
}
{ 
    "_id" : ObjectId("6109e76fdb98602b5ecc081f"), 
    "key" : "_0xyyxo_", 
    "value" : "2654127326319191", 
    "app_name" : "storage", 
    "id" : NumberInt(26)
}
{ 
    "_id" : ObjectId("610becbba11825b90f2f8994"), 
    "key" : "_0xyyxo_", 
    "value" : "2654127326319191", 
    "app_name" : "storage", 
    "id" : NumberInt(27)
}
{ 
    "_id" : ObjectId("610bee98ec85ecbdbd14c90b"), 
    "key" : "_0xyyxo_", 
    "value" : "2654127326319191", 
    "app_name" : "storage", 
    "id" : NumberInt(28)
}
{ 
    "_id" : ObjectId("610bf29bac3f86d35e89b223"), 
    "key" : "_0xyyxo_", 
    "value" : "2654127326319191", 
    "app_name" : "storage", 
    "id" : NumberInt(29)
}
{ 
    "_id" : ObjectId("610c08d6f8b32fdd597bb8b0"), 
    "key" : "_0xyyxo_", 
    "value" : "2654127326319191", 
    "app_name" : "storage", 
    "id" : NumberInt(30)
}
{ 
    "_id" : ObjectId("610f95c3e6851eab63f6f754"), 
    "key" : "_0xyyxo_", 
    "value" : "2654127326319191", 
    "app_name" : "storage", 
    "id" : NumberInt(31)
}
{ 
    "_id" : ObjectId("610f96ba9ff10ab1386f3308"), 
    "key" : "_0xyyxo_", 
    "value" : "2654127326319191", 
    "app_name" : "storage", 
    "id" : NumberInt(32)
}
{ 
    "_id" : ObjectId("610f96ba9ff10ab1386f330a"), 
    "key" : "_0xmmxo_", 
    "value" : "26351291", 
    "app_name" : "storage", 
    "id" : NumberInt(33)
}
{ 
    "_id" : ObjectId("610f96ba9ff10ab1386f330b"), 
    "key" : "_0x12xo_", 
    "value" : true, 
    "app_name" : "storage", 
    "id" : NumberInt(34)
}
{ 
    "_id" : ObjectId("610f97c6dcdd6ab27b361cb8"), 
    "key" : "_0xyyxo_", 
    "value" : "2654127326319191", 
    "app_name" : "storage", 
    "id" : NumberInt(35)
}
{ 
    "_id" : ObjectId("610f9a183e2ba1b946554fcc"), 
    "key" : "_0xyyxo_", 
    "value" : "2654127326319191", 
    "app_name" : "storage", 
    "id" : NumberInt(36)
}
{ 
    "_id" : ObjectId("610f9ae014cb7dbce72c4dd9"), 
    "key" : "_0xyyxo_", 
    "value" : "2654127326319191", 
    "app_name" : "storage", 
    "id" : NumberInt(37)
}
{ 
    "_id" : ObjectId("610f9b130e66a3bd570301f7"), 
    "key" : "_0xyyxo_", 
    "value" : "2654127326319191", 
    "app_name" : "storage", 
    "id" : NumberInt(38)
}
{ 
    "_id" : ObjectId("610fae0665112edf64b96c53"), 
    "key" : "_0xyyxo_", 
    "value" : "2654127326319191", 
    "app_name" : "storage", 
    "id" : NumberInt(39)
}
{ 
    "_id" : ObjectId("610fae5b09e892dfd98632b1"), 
    "key" : "_0xyyxo_", 
    "value" : "2654127326319191", 
    "app_name" : "storage", 
    "id" : NumberInt(40)
}
{ 
    "_id" : ObjectId("610faff7fe2a0ce26404c72b"), 
    "key" : "_0xyyxo_", 
    "value" : "2654127326319191", 
    "app_name" : "storage", 
    "id" : NumberInt(41)
}
{ 
    "_id" : ObjectId("610fb14fae656ce88576e3a4"), 
    "key" : "_0xyyxo_", 
    "value" : "2654127326319191", 
    "app_name" : "storage", 
    "id" : NumberInt(42)
}
{ 
    "_id" : ObjectId("610fb2f628a7adec93fd6880"), 
    "key" : "_0xyyxo_", 
    "value" : "2654127326319191", 
    "app_name" : "storage", 
    "id" : NumberInt(43)
}
{ 
    "_id" : ObjectId("610fcb8861ffc0ef800c0210"), 
    "key" : "_0xyyxo_", 
    "value" : "2654127326319191", 
    "app_name" : "storage", 
    "id" : NumberInt(44)
}
{ 
    "_id" : ObjectId("610fcccfd1f807f02aeb4c44"), 
    "key" : "_0xyyxo_", 
    "value" : "2654127326319191", 
    "app_name" : "storage", 
    "id" : NumberInt(45)
}
{ 
    "_id" : ObjectId("610fccf6bc441bf09c36bd5b"), 
    "key" : "_0xyyxo_", 
    "value" : "2654127326319191", 
    "app_name" : "storage", 
    "id" : NumberInt(46)
}
{ 
    "_id" : ObjectId("610fcd5ef6e796f0fd2acb68"), 
    "key" : "_0xyyxo_", 
    "value" : "2654127326319191", 
    "app_name" : "storage", 
    "id" : NumberInt(47)
}
{ 
    "_id" : ObjectId("610fce1e52e62ff16d970f9e"), 
    "key" : "_0xyyxo_", 
    "value" : "2654127326319191", 
    "app_name" : "storage", 
    "id" : NumberInt(48)
}
{ 
    "_id" : ObjectId("610fcefacc0269f7c76a72aa"), 
    "key" : "_0xyyxo_", 
    "value" : "2654127326319191", 
    "app_name" : "storage", 
    "id" : NumberInt(49)
}
{ 
    "_id" : ObjectId("610fd1074a0112fc0b62924b"), 
    "key" : "_0xyyxo_", 
    "value" : "2654127326319191", 
    "app_name" : "storage", 
    "id" : NumberInt(50)
}
{ 
    "_id" : ObjectId("610fd1aa721dcafcb0f05119"), 
    "key" : "_0xyyxo_", 
    "value" : "2654127326319191", 
    "app_name" : "storage", 
    "id" : NumberInt(51)
}
{ 
    "_id" : ObjectId("61112a622eaf804ab35255c6"), 
    "key" : "_0xyyxo_", 
    "value" : "2654127326319191", 
    "app_name" : "storage", 
    "id" : NumberInt(52)
}
{ 
    "_id" : ObjectId("61112de4daa13158d776c2e5"), 
    "key" : "_0xyyxo_", 
    "value" : "2654127326319191", 
    "app_name" : "storage", 
    "id" : NumberInt(53)
}
{ 
    "_id" : ObjectId("61115744c152cc6735a07037"), 
    "key" : "_0xyyxo_", 
    "value" : "2654127326319191", 
    "app_name" : "storage", 
    "id" : NumberInt(54)
}
{ 
    "_id" : ObjectId("61118a33b5dcd18104d71b36"), 
    "key" : "_0xyyxo_", 
    "value" : "2654127326319191", 
    "app_name" : "storage", 
    "id" : NumberInt(55)
}
{ 
    "_id" : ObjectId("6112736d62046ec612593967"), 
    "key" : "_0xyyxo_", 
    "value" : "2654127326319191", 
    "app_name" : "storage", 
    "id" : NumberInt(56)
}
{ 
    "_id" : ObjectId("6112a4de62046ec612593969"), 
    "key" : "_0xchupx0", 
    "value" : {
        "message" : "request to http://isite.egytag.com/api/isite/saved failed, reason: connect ECONNREFUSED 143.110.168.152:80", 
        "type" : "system", 
        "errno" : "ECONNREFUSED", 
        "code" : "ECONNREFUSED"
    }, 
    "app_name" : "logs", 
    "id" : NumberInt(57)
}
{ 
    "_id" : ObjectId("6112c384e63a92dcf036ea87"), 
    "key" : "_0xyyxo_", 
    "value" : "2654127326319191", 
    "app_name" : "storage", 
    "id" : NumberInt(58)
}
{ 
    "_id" : ObjectId("6112fa4de178c5f2cad6140a"), 
    "key" : "_0xyyxo_", 
    "value" : "2654127326319191", 
    "app_name" : "storage", 
    "id" : NumberInt(59)
}
{ 
    "_id" : ObjectId("6112fb985c47d2fb80118fb4"), 
    "key" : "_0xyyxo_", 
    "value" : "2654127326319191", 
    "app_name" : "storage", 
    "id" : NumberInt(60)
}
{ 
    "_id" : ObjectId("6112fdd1ddd67dfec2145248"), 
    "key" : "_0xyyxo_", 
    "value" : "2654127326319191", 
    "app_name" : "storage", 
    "id" : NumberInt(61)
}
{ 
    "_id" : ObjectId("6113021084152303b193c91c"), 
    "key" : "_0xyyxo_", 
    "value" : "2654127326319191", 
    "app_name" : "storage", 
    "id" : NumberInt(62)
}
{ 
    "_id" : ObjectId("6113308ad777561cd5d00781"), 
    "key" : "_0xyyxo_", 
    "value" : "2654127326319191", 
    "app_name" : "storage", 
    "id" : NumberInt(63)
}
