{ 
    "_id" : ObjectId("6106fc4f464237089eb5397f"), 
    "doctor" : {
        "location" : {
            "type" : "Point", 
            "coordinates" : [
                29.9285, 
                30.9188
            ]
        }, 
        "status" : {
            "statusId" : NumberInt(1), 
            "name" : "active"
        }, 
        "title" : "", 
        "image" : [
            {
                "name" : ""
            }
        ], 
        "days" : [
            {
                "date" : "", 
                "times" : [
                    {
                        "status" : "available", 
                        "startSession" : "21:37"
                    }, 
                    {
                        "status" : "available", 
                        "startSession" : "01:37"
                    }, 
                    {
                        "status" : "available", 
                        "startSession" : "04:37"
                    }, 
                    {
                        "status" : "unAvailable", 
                        "startSession" : "08:37"
                    }
                ]
            }, 
            {
                "date" : "2021-08-06", 
                "times" : [

                ]
            }, 
            {
                "date" : "2021-08-12", 
                "times" : [
                    {
                        "status" : "available", 
                        "startSession" : "23:53"
                    }, 
                    {
                        "status" : "available", 
                        "startSession" : "23:58"
                    }
                ]
            }
        ], 
        "_id" : "6106f7f1464237089eb53973", 
        "isActive" : true, 
        "isAvailable" : true, 
        "createdAt" : ISODate("2021-08-01T19:37:21.788+0000"), 
        "hint" : "a good doctor", 
        "name" : "dida", 
        "long" : 30.9188, 
        "degree" : {
            "_id" : "6106f7ad464237089eb53971", 
            "name" : "degree 4"
        }, 
        "updatedAt" : ISODate("2021-08-01T19:37:21.788+0000"), 
        "id" : NumberInt(6), 
        "gender" : "male", 
        "department" : {
            "_id" : "6106f7c3464237089eb53972", 
            "name" : "department 4"
        }, 
        "email" : "testdoctor@gmail.com", 
        "periodPerMinutes" : NumberInt(20), 
        "lat" : 29.9285, 
        "price" : NumberInt(100), 
        "password" : "123123", 
        "rating" : NumberInt(0), 
        "address" : " 6th Of October Second,  6th Of October,  Egypt,  12556"
    }, 
    "time" : "23:53", 
    "patient" : {
        "phone" : "01122334444", 
        "_id" : "6106fb1f464237089eb5397d", 
        "gender" : "male", 
        "idNumber" : "12341234", 
        "fullName" : "diaa", 
        "insuranceCompany" : {
            "_id" : "", 
            "name" : ""
        }, 
        "contractingCompany" : "", 
        "image" : [

        ], 
        "email" : "diaasaeed12@gmail.com"
    }, 
    "date" : "2021-08-12", 
    "isActive" : true, 
    "status" : "done", 
    "createdAt" : ISODate("2021-08-01T19:55:59.881+0000"), 
    "updatedAt" : ISODate("2021-08-01T19:55:59.881+0000"), 
    "id" : NumberInt(14)
}
{ 
    "_id" : ObjectId("61070047464237089eb5398e"), 
    "doctor" : {
        "location" : {
            "type" : "Point", 
            "coordinates" : [
                29.9285, 
                30.9188
            ]
        }, 
        "status" : {
            "statusId" : NumberInt(1), 
            "name" : "active"
        }, 
        "title" : "", 
        "image" : [
            {
                "name" : ""
            }
        ], 
        "days" : [
            {
                "date" : "", 
                "times" : [
                    {
                        "status" : "available", 
                        "startSession" : "21:37"
                    }, 
                    {
                        "status" : "available", 
                        "startSession" : "01:37"
                    }, 
                    {
                        "status" : "available", 
                        "startSession" : "04:37"
                    }, 
                    {
                        "status" : "unAvailable", 
                        "startSession" : "08:37"
                    }
                ]
            }, 
            {
                "date" : "2021-08-12", 
                "times" : [
                    {
                        "status" : "unAvailable", 
                        "startSession" : "23:53"
                    }, 
                    {
                        "status" : "available", 
                        "startSession" : "23:58"
                    }
                ]
            }
        ], 
        "_id" : "6106f7f1464237089eb53973", 
        "isActive" : true, 
        "isAvailable" : true, 
        "createdAt" : ISODate("2021-08-01T19:37:21.788+0000"), 
        "hint" : "a good doctor", 
        "name" : "dida 1", 
        "long" : 30.9188, 
        "degree" : {
            "_id" : "6106f7ad464237089eb53971", 
            "name" : "degree 4"
        }, 
        "updatedAt" : ISODate("2021-08-01T19:59:31.694+0000"), 
        "id" : NumberInt(6), 
        "gender" : "male", 
        "department" : {
            "_id" : "6106f7c3464237089eb53972", 
            "name" : "department 4"
        }, 
        "email" : "testdoctor@gmail.com", 
        "periodPerMinutes" : NumberInt(20), 
        "lat" : 29.9285, 
        "price" : NumberInt(100), 
        "password" : "123123", 
        "rating" : NumberInt(0), 
        "address" : " 6th Of October Second,  6th Of October,  Egypt,  12556"
    }, 
    "time" : "23:53", 
    "patient" : {
        "phone" : "01122334444", 
        "_id" : "6106fb1f464237089eb5397d", 
        "gender" : "male", 
        "idNumber" : "12341234", 
        "fullName" : "diaa", 
        "insuranceCompany" : {
            "_id" : "", 
            "name" : ""
        }, 
        "contractingCompany" : "", 
        "image" : [

        ], 
        "email" : "diaasaeed12@gmail.com"
    }, 
    "date" : "2021-08-12", 
    "isActive" : true, 
    "status" : "done", 
    "createdAt" : ISODate("2021-08-01T20:12:55.090+0000"), 
    "updatedAt" : ISODate("2021-08-01T20:12:55.090+0000"), 
    "id" : NumberInt(15)
}
{ 
    "_id" : ObjectId("61070305464237089eb5399a"), 
    "doctor" : {
        "location" : {
            "type" : "Point", 
            "coordinates" : [
                29.9285, 
                30.9188
            ]
        }, 
        "status" : {
            "statusId" : NumberInt(1), 
            "name" : "active"
        }, 
        "title" : "", 
        "image" : [
            {
                "name" : ""
            }
        ], 
        "days" : [
            {
                "date" : "", 
                "times" : [
                    {
                        "status" : "available", 
                        "startSession" : "21:37"
                    }, 
                    {
                        "status" : "available", 
                        "startSession" : "01:37"
                    }, 
                    {
                        "status" : "available", 
                        "startSession" : "04:37"
                    }, 
                    {
                        "status" : "unAvailable", 
                        "startSession" : "08:37"
                    }
                ]
            }, 
            {
                "date" : "2021-08-12", 
                "times" : [
                    {
                        "status" : "unAvailable", 
                        "startSession" : "23:53"
                    }, 
                    {
                        "status" : "available", 
                        "startSession" : "23:58"
                    }
                ]
            }
        ], 
        "_id" : "6106f7f1464237089eb53973", 
        "isActive" : true, 
        "isAvailable" : true, 
        "createdAt" : ISODate("2021-08-01T19:37:21.788+0000"), 
        "hint" : "a good doctor", 
        "name" : "dida 1", 
        "long" : 30.9188, 
        "degree" : {
            "_id" : "6106f7ad464237089eb53971", 
            "name" : "degree 4"
        }, 
        "updatedAt" : ISODate("2021-08-01T19:59:31.694+0000"), 
        "id" : NumberInt(6), 
        "gender" : "male", 
        "department" : {
            "_id" : "6106f7c3464237089eb53972", 
            "name" : "department 4"
        }, 
        "email" : "testdoctor@gmail.com", 
        "periodPerMinutes" : NumberInt(20), 
        "lat" : 29.9285, 
        "price" : NumberInt(100), 
        "password" : "123123", 
        "rating" : NumberInt(0), 
        "address" : " 6th Of October Second,  6th Of October,  Egypt,  12556"
    }, 
    "time" : "23:58", 
    "patient" : {
        "phone" : "01122334444", 
        "_id" : "6106fb1f464237089eb5397d", 
        "gender" : "male", 
        "idNumber" : "12341234", 
        "fullName" : "diaa", 
        "insuranceCompany" : {
            "_id" : "", 
            "name" : ""
        }, 
        "contractingCompany" : "", 
        "image" : [

        ], 
        "email" : "diaasaeed12@gmail.com"
    }, 
    "date" : "2021-08-12", 
    "isActive" : true, 
    "status" : "done", 
    "createdAt" : ISODate("2021-08-01T20:24:37.842+0000"), 
    "updatedAt" : ISODate("2021-08-01T20:24:37.842+0000"), 
    "id" : NumberInt(16)
}
{ 
    "_id" : ObjectId("61073ca2f87d833de31fe514"), 
    "doctor" : {
        "location" : {
            "type" : "Point", 
            "coordinates" : [
                29.9285, 
                30.9188
            ]
        }, 
        "status" : {
            "statusId" : NumberInt(1), 
            "name" : "active"
        }, 
        "title" : "", 
        "image" : [
            {
                "name" : ""
            }
        ], 
        "days" : [
            {
                "date" : "2021-08-12", 
                "times" : [
                    {
                        "status" : "unAvailable", 
                        "startSession" : "23:53"
                    }, 
                    {
                        "status" : "unAvailable", 
                        "startSession" : "23:58"
                    }
                ]
            }, 
            {
                "date" : "2021-11-02", 
                "times" : [
                    {
                        "status" : "available", 
                        "startSession" : "00:19"
                    }, 
                    {
                        "status" : "available", 
                        "startSession" : "03:19"
                    }, 
                    {
                        "status" : "available", 
                        "startSession" : "12:19"
                    }
                ]
            }
        ], 
        "_id" : "6106f7f1464237089eb53973", 
        "isActive" : true, 
        "isAvailable" : true, 
        "createdAt" : ISODate("2021-08-01T19:37:21.788+0000"), 
        "hint" : "a good doctor", 
        "name" : "dida 1", 
        "long" : 30.9188, 
        "degree" : {
            "_id" : "6106f7ad464237089eb53971", 
            "name" : "degree 4"
        }, 
        "updatedAt" : ISODate("2021-08-01T19:59:31.694+0000"), 
        "id" : NumberInt(6), 
        "gender" : "male", 
        "department" : {
            "_id" : "6106f7c3464237089eb53972", 
            "name" : "department 4"
        }, 
        "email" : "testdoctor@gmail.com", 
        "periodPerMinutes" : NumberInt(20), 
        "lat" : 29.9285, 
        "price" : NumberInt(100), 
        "password" : "123123", 
        "rating" : NumberInt(0), 
        "address" : " 6th Of October Second,  6th Of October,  Egypt,  12556"
    }, 
    "time" : "00:19", 
    "patient" : {
        "phone" : "01122334444", 
        "_id" : "6106fb1f464237089eb5397d", 
        "gender" : "male", 
        "idNumber" : "12341234", 
        "fullName" : "diaa", 
        "insuranceCompany" : {
            "_id" : "", 
            "name" : ""
        }, 
        "contractingCompany" : "", 
        "image" : [

        ], 
        "email" : "diaasaeed12@gmail.com"
    }, 
    "date" : "2021-11-02", 
    "isActive" : true, 
    "status" : "done", 
    "createdAt" : ISODate("2021-08-02T00:30:26.854+0000"), 
    "updatedAt" : ISODate("2021-08-02T00:30:26.854+0000"), 
    "id" : NumberInt(17)
}
{ 
    "_id" : ObjectId("6108a6a21c9f6b9b50ad2f96"), 
    "doctor" : {
        "location" : {
            "type" : "Point", 
            "coordinates" : [
                29.9285, 
                30.9188
            ]
        }, 
        "status" : {
            "statusId" : NumberInt(1), 
            "name" : "active"
        }, 
        "title" : "", 
        "image" : [
            {
                "name" : ""
            }
        ], 
        "days" : [
            {
                "date" : "2021-11-02", 
                "times" : [
                    {
                        "status" : "unAvailable", 
                        "startSession" : "00:19"
                    }, 
                    {
                        "status" : "unAvailable", 
                        "startSession" : "03:19"
                    }, 
                    {
                        "status" : "available", 
                        "startSession" : "12:19"
                    }, 
                    {
                        "status" : "available", 
                        "startSession" : "17:38"
                    }
                ]
            }, 
            {
                "date" : "2021-08-08", 
                "times" : [
                    {
                        "status" : "available", 
                        "startSession" : "19:56"
                    }, 
                    {
                        "status" : "unAvailable", 
                        "startSession" : "20:05"
                    }
                ]
            }, 
            {
                "date" : "2021-08-13", 
                "times" : [

                ]
            }
        ], 
        "_id" : "6106f7f1464237089eb53973", 
        "isActive" : true, 
        "isAvailable" : true, 
        "createdAt" : ISODate("2021-08-01T19:37:21.788+0000"), 
        "hint" : "a good doctor", 
        "name" : "dida 2", 
        "long" : 30.9188, 
        "degree" : {
            "_id" : "6106f7ad464237089eb53971", 
            "name" : "degree 4"
        }, 
        "updatedAt" : ISODate("2021-08-02T11:55:23.814+0000"), 
        "id" : NumberInt(6), 
        "gender" : "male", 
        "department" : {
            "_id" : "6106f7c3464237089eb53972", 
            "name" : "department 4"
        }, 
        "email" : "testdoctor@gmail.com", 
        "periodPerMinutes" : NumberInt(20), 
        "lat" : 29.9285, 
        "price" : NumberInt(100), 
        "password" : "123123", 
        "rating" : NumberInt(0), 
        "address" : " 6th Of October Second,  6th Of October,  Egypt,  12556"
    }, 
    "time" : "19:56", 
    "patient" : {
        "phone" : "01122334444", 
        "_id" : "6106fb1f464237089eb5397d", 
        "gender" : "male", 
        "idNumber" : "12341234", 
        "fullName" : "diaa", 
        "insuranceCompany" : {
            "_id" : "", 
            "name" : ""
        }, 
        "contractingCompany" : "", 
        "image" : [

        ], 
        "email" : "diaasaeed12@gmail.com"
    }, 
    "date" : "2021-08-08", 
    "isActive" : true, 
    "status" : "done", 
    "createdAt" : ISODate("2021-08-03T02:14:58.301+0000"), 
    "updatedAt" : ISODate("2021-08-03T02:14:58.301+0000"), 
    "id" : NumberInt(18)
}
{ 
    "_id" : ObjectId("6108a8d71c9f6b9b50ad2fa4"), 
    "doctor" : {
        "location" : {
            "type" : "Point", 
            "coordinates" : [
                29.9285, 
                30.9188
            ]
        }, 
        "status" : {
            "statusId" : NumberInt(1), 
            "name" : "active"
        }, 
        "title" : "", 
        "image" : [
            {
                "name" : ""
            }
        ], 
        "days" : [
            {
                "date" : "2021-11-02", 
                "times" : [
                    {
                        "status" : "unAvailable", 
                        "startSession" : "00:19"
                    }, 
                    {
                        "status" : "unAvailable", 
                        "startSession" : "03:19"
                    }, 
                    {
                        "status" : "available", 
                        "startSession" : "12:19"
                    }, 
                    {
                        "status" : "available", 
                        "startSession" : "17:38"
                    }
                ]
            }, 
            {
                "date" : "2021-08-08", 
                "times" : [
                    {
                        "status" : "unAvailable", 
                        "startSession" : "19:56"
                    }, 
                    {
                        "status" : "unAvailable", 
                        "startSession" : "20:05"
                    }
                ]
            }, 
            {
                "date" : "2021-08-13", 
                "times" : [

                ]
            }
        ], 
        "_id" : "6106f7f1464237089eb53973", 
        "isActive" : true, 
        "isAvailable" : true, 
        "createdAt" : ISODate("2021-08-01T19:37:21.788+0000"), 
        "hint" : "a good doctor", 
        "name" : "dida 2", 
        "long" : 30.9188, 
        "degree" : {
            "_id" : "6106f7ad464237089eb53971", 
            "name" : "degree 4"
        }, 
        "updatedAt" : ISODate("2021-08-02T11:55:23.814+0000"), 
        "id" : NumberInt(6), 
        "gender" : "male", 
        "department" : {
            "_id" : "6106f7c3464237089eb53972", 
            "name" : "department 4"
        }, 
        "email" : "testdoctor@gmail.com", 
        "periodPerMinutes" : NumberInt(20), 
        "lat" : 29.9285, 
        "price" : NumberInt(100), 
        "password" : "123123", 
        "rating" : NumberInt(0), 
        "address" : " 6th Of October Second,  6th Of October,  Egypt,  12556"
    }, 
    "time" : "17:38", 
    "patient" : {
        "phone" : "01122334444", 
        "_id" : "6106fb1f464237089eb5397d", 
        "gender" : "male", 
        "idNumber" : "12341234", 
        "fullName" : "diaa", 
        "insuranceCompany" : {
            "_id" : "", 
            "name" : ""
        }, 
        "contractingCompany" : "", 
        "image" : [

        ], 
        "email" : "diaasaeed12@gmail.com"
    }, 
    "date" : "2021-11-02", 
    "isActive" : true, 
    "status" : "done", 
    "createdAt" : ISODate("2021-08-03T02:24:23.502+0000"), 
    "updatedAt" : ISODate("2021-08-03T02:24:23.502+0000"), 
    "id" : NumberInt(19)
}
{ 
    "_id" : ObjectId("6108a9f51c9f6b9b50ad2fa6"), 
    "doctor" : {
        "location" : {
            "type" : "Point", 
            "coordinates" : [
                29.9285, 
                30.9188
            ]
        }, 
        "status" : {
            "statusId" : NumberInt(1), 
            "name" : "active"
        }, 
        "title" : "", 
        "image" : [
            {
                "name" : ""
            }
        ], 
        "days" : [
            {
                "date" : "2021-11-02", 
                "times" : [
                    {
                        "status" : "unAvailable", 
                        "startSession" : "00:19"
                    }, 
                    {
                        "status" : "unAvailable", 
                        "startSession" : "03:19"
                    }, 
                    {
                        "status" : "available", 
                        "startSession" : "12:19"
                    }, 
                    {
                        "status" : "unAvailable", 
                        "startSession" : "17:38"
                    }
                ]
            }, 
            {
                "date" : "2021-08-08", 
                "times" : [
                    {
                        "status" : "unAvailable", 
                        "startSession" : "19:56"
                    }, 
                    {
                        "status" : "unAvailable", 
                        "startSession" : "20:05"
                    }
                ]
            }, 
            {
                "date" : "2021-08-13", 
                "times" : [

                ]
            }
        ], 
        "_id" : "6106f7f1464237089eb53973", 
        "isActive" : true, 
        "isAvailable" : true, 
        "createdAt" : ISODate("2021-08-01T19:37:21.788+0000"), 
        "hint" : "a good doctor", 
        "name" : "dida 2", 
        "long" : 30.9188, 
        "degree" : {
            "_id" : "6106f7ad464237089eb53971", 
            "name" : "degree 4"
        }, 
        "updatedAt" : ISODate("2021-08-02T11:55:23.814+0000"), 
        "id" : NumberInt(6), 
        "gender" : "male", 
        "department" : {
            "_id" : "6106f7c3464237089eb53972", 
            "name" : "department 4"
        }, 
        "email" : "testdoctor@gmail.com", 
        "periodPerMinutes" : NumberInt(20), 
        "lat" : 29.9285, 
        "price" : NumberInt(100), 
        "password" : "123123", 
        "rating" : NumberInt(0), 
        "address" : " 6th Of October Second,  6th Of October,  Egypt,  12556"
    }, 
    "time" : "12:19", 
    "patient" : {
        "phone" : "01122334444", 
        "_id" : "6106fb1f464237089eb5397d", 
        "gender" : "male", 
        "idNumber" : "12341234", 
        "fullName" : "diaa", 
        "insuranceCompany" : {
            "_id" : "", 
            "name" : ""
        }, 
        "contractingCompany" : "", 
        "image" : [

        ], 
        "email" : "diaasaeed12@gmail.com"
    }, 
    "date" : "2021-11-02", 
    "isActive" : true, 
    "status" : "done", 
    "createdAt" : ISODate("2021-08-03T02:29:09.027+0000"), 
    "updatedAt" : ISODate("2021-08-03T02:29:09.027+0000"), 
    "id" : NumberInt(20)
}
{ 
    "_id" : ObjectId("6108aa281c9f6b9b50ad2fa8"), 
    "doctor" : {
        "location" : {
            "type" : "Point", 
            "coordinates" : [
                29.9285, 
                30.9188
            ]
        }, 
        "status" : {
            "statusId" : NumberInt(1), 
            "name" : "active"
        }, 
        "title" : "", 
        "image" : [
            {
                "name" : ""
            }
        ], 
        "days" : [
            {
                "date" : "2021-11-02", 
                "times" : [
                    {
                        "status" : "unAvailable", 
                        "startSession" : "00:19"
                    }, 
                    {
                        "status" : "unAvailable", 
                        "startSession" : "03:19"
                    }, 
                    {
                        "status" : "unAvailable", 
                        "startSession" : "12:19"
                    }, 
                    {
                        "status" : "unAvailable", 
                        "startSession" : "17:38"
                    }
                ]
            }, 
            {
                "date" : "2021-08-08", 
                "times" : [
                    {
                        "status" : "unAvailable", 
                        "startSession" : "19:56"
                    }, 
                    {
                        "status" : "unAvailable", 
                        "startSession" : "20:05"
                    }, 
                    {
                        "status" : "available", 
                        "startSession" : "08:29"
                    }
                ]
            }, 
            {
                "date" : "2021-08-13", 
                "times" : [

                ]
            }
        ], 
        "_id" : "6106f7f1464237089eb53973", 
        "isActive" : true, 
        "isAvailable" : true, 
        "createdAt" : ISODate("2021-08-01T19:37:21.788+0000"), 
        "hint" : "a good doctor", 
        "name" : "dida 2", 
        "long" : 30.9188, 
        "degree" : {
            "_id" : "6106f7ad464237089eb53971", 
            "name" : "degree 4"
        }, 
        "updatedAt" : ISODate("2021-08-02T11:55:23.814+0000"), 
        "id" : NumberInt(6), 
        "gender" : "male", 
        "department" : {
            "_id" : "6106f7c3464237089eb53972", 
            "name" : "department 4"
        }, 
        "email" : "testdoctor@gmail.com", 
        "periodPerMinutes" : NumberInt(20), 
        "lat" : 29.9285, 
        "price" : NumberInt(100), 
        "password" : "123123", 
        "rating" : NumberInt(0), 
        "address" : " 6th Of October Second,  6th Of October,  Egypt,  12556"
    }, 
    "time" : "08:29", 
    "patient" : {
        "phone" : "01122334444", 
        "_id" : "6106fb1f464237089eb5397d", 
        "gender" : "male", 
        "idNumber" : "12341234", 
        "fullName" : "diaa", 
        "insuranceCompany" : {
            "_id" : "", 
            "name" : ""
        }, 
        "contractingCompany" : "", 
        "image" : [

        ], 
        "email" : "diaasaeed12@gmail.com"
    }, 
    "date" : "2021-08-08", 
    "isActive" : true, 
    "status" : "done", 
    "createdAt" : ISODate("2021-08-03T02:30:00.646+0000"), 
    "updatedAt" : ISODate("2021-08-03T02:30:00.646+0000"), 
    "id" : NumberInt(21)
}
{ 
    "_id" : ObjectId("6108aaef1c9f6b9b50ad2faa"), 
    "doctor" : {
        "location" : {
            "type" : "Point", 
            "coordinates" : [
                29.9285, 
                30.9188
            ]
        }, 
        "status" : {
            "statusId" : NumberInt(1), 
            "name" : "active"
        }, 
        "title" : "", 
        "image" : [
            {
                "name" : ""
            }
        ], 
        "days" : [
            {
                "date" : "2021-11-02", 
                "times" : [
                    {
                        "status" : "unAvailable", 
                        "startSession" : "00:19"
                    }, 
                    {
                        "status" : "unAvailable", 
                        "startSession" : "03:19"
                    }, 
                    {
                        "status" : "unAvailable", 
                        "startSession" : "12:19"
                    }, 
                    {
                        "status" : "unAvailable", 
                        "startSession" : "17:38"
                    }
                ]
            }, 
            {
                "date" : "2021-08-08", 
                "times" : [
                    {
                        "status" : "unAvailable", 
                        "startSession" : "19:56"
                    }, 
                    {
                        "status" : "unAvailable", 
                        "startSession" : "20:05"
                    }, 
                    {
                        "status" : "unAvailable", 
                        "startSession" : "08:29"
                    }
                ]
            }, 
            {
                "date" : "2021-08-13", 
                "times" : [

                ]
            }
        ], 
        "_id" : "6106f7f1464237089eb53973", 
        "isActive" : true, 
        "isAvailable" : true, 
        "createdAt" : ISODate("2021-08-01T19:37:21.788+0000"), 
        "hint" : "a good doctor", 
        "name" : "dida 2", 
        "long" : 30.9188, 
        "degree" : {
            "_id" : "6106f7ad464237089eb53971", 
            "name" : "degree 4"
        }, 
        "updatedAt" : ISODate("2021-08-02T11:55:23.814+0000"), 
        "id" : NumberInt(6), 
        "gender" : "male", 
        "department" : {
            "_id" : "6106f7c3464237089eb53972", 
            "name" : "department 4"
        }, 
        "email" : "testdoctor@gmail.com", 
        "periodPerMinutes" : NumberInt(20), 
        "lat" : 29.9285, 
        "price" : NumberInt(100), 
        "password" : "123123", 
        "rating" : NumberInt(0), 
        "address" : " 6th Of October Second,  6th Of October,  Egypt,  12556"
    }, 
    "time" : "04:33", 
    "patient" : {
        "phone" : "01122334444", 
        "_id" : "6106fb1f464237089eb5397d", 
        "gender" : "male", 
        "idNumber" : "12341234", 
        "fullName" : "diaa", 
        "insuranceCompany" : {
            "_id" : "", 
            "name" : ""
        }, 
        "contractingCompany" : "", 
        "image" : [

        ], 
        "email" : "diaasaeed12@gmail.com"
    }, 
    "date" : "2021-08-08", 
    "isActive" : true, 
    "status" : "done", 
    "createdAt" : ISODate("2021-08-03T02:33:19.775+0000"), 
    "updatedAt" : ISODate("2021-08-03T02:33:19.775+0000"), 
    "id" : NumberInt(22)
}
{ 
    "_id" : ObjectId("610bebddd0ea4aaea785d1d4"), 
    "patient" : {
        "_id" : "60dc34da9bf545255844e30d", 
        "idNumber" : "1111", 
        "phone" : "01004500950", 
        "password" : "123", 
        "roles" : [

        ], 
        "fullName" : "ahmed", 
        "insuranceCompany" : {
            "_id" : "60dc34da9bf545255844e30d", 
            "name" : "company 1", 
            "image" : [
                {
                    "name" : "/api/image/insuranceCompany/image_1626087049776.png"
                }
            ], 
            "balance" : NumberInt(300)
        }, 
        "gender" : "male", 
        "hasInsurance" : false, 
        "contractingCompany" : "innovalz", 
        "image" : [
            {
                "name" : "//api/image/patients/image_1625738816594.png"
            }
        ], 
        "email" : "test3@test.com"
    }, 
    "doctor" : {
        "_id" : "61000a1853b67d1fe4f888a1", 
        "name" : "ahmed_test9", 
        "image" : [
            {
                "name" : "/api/image/doctors/image_1625848689389.png"
            }
        ], 
        "degree" : {
            "_id" : "60ed450882d81933a43c3a4e", 
            "name" : "degree 2"
        }, 
        "department" : {
            "name" : "surgary", 
            "period" : NumberInt(30), 
            "price" : NumberInt(100)
        }, 
        "days" : [
            {
                "date" : ISODate("2021-07-13T07:20:56.355+0000"), 
                "times" : [
                    {
                        "startSession" : ISODate("2021-07-13T07:20:56.355+0000"), 
                        "sessionPeriod" : NumberInt(20), 
                        "endSession" : ISODate("2021-07-13T07:20:56.355+0000"), 
                        "status" : "available"
                    }, 
                    {
                        "startSession" : ISODate("2021-07-13T07:20:56.355+0000"), 
                        "sessionPeriod" : NumberInt(20), 
                        "endSession" : ISODate("2021-07-13T07:20:56.355+0000"), 
                        "status" : "available"
                    }
                ]
            }, 
            {
                "date" : ISODate("2021-07-13T07:20:56.355+0000"), 
                "times" : [
                    {
                        "startSession" : ISODate("2021-07-13T07:20:56.355+0000"), 
                        "sessionPeriod" : NumberInt(20), 
                        "endSession" : ISODate("2021-07-13T07:20:56.355+0000"), 
                        "status" : "available"
                    }, 
                    {
                        "startSession" : ISODate("2021-07-13T07:20:56.355+0000"), 
                        "sessionPeriod" : NumberInt(20), 
                        "endSession" : ISODate("2021-07-13T07:20:56.355+0000"), 
                        "status" : "available"
                    }
                ]
            }
        ], 
        "hint" : "test hint ", 
        "price" : NumberInt(100), 
        "periodPerMinutes" : NumberInt(30), 
        "email" : "a.a@a.com", 
        "lat" : 30.974077, 
        "long" : 31.272066, 
        "title" : "proff at ttt ", 
        "city" : {
            "_id" : "60daf31d2cb52a320079c8ed", 
            "name" : "city1"
        }, 
        "gender" : "male", 
        "address" : "cairo"
    }, 
    "date" : "2021-07-28", 
    "time" : "07:20", 
    "isActive" : true, 
    "status" : "accepted", 
    "createdAt" : ISODate("2021-08-05T13:47:09.057+0000"), 
    "updatedAt" : ISODate("2021-08-05T13:47:09.057+0000"), 
    "id" : NumberInt(1)
}
{ 
    "_id" : ObjectId("610fc62a28a7adec93fd68ce"), 
    "doctor" : {
        "location" : {
            "type" : "Point", 
            "coordinates" : [
                29.9285, 
                30.9188
            ]
        }, 
        "status" : {
            "statusId" : NumberInt(1), 
            "name" : "active"
        }, 
        "title" : "", 
        "image" : [
            {
                "name" : ""
            }
        ], 
        "days" : [
            {
                "date" : "2021-08-12", 
                "times" : [
                    {
                        "status" : "available", 
                        "startSession" : "13:54"
                    }, 
                    {
                        "status" : "available", 
                        "startSession" : "18:54"
                    }
                ]
            }
        ], 
        "_id" : "610fc58228a7adec93fd68c2", 
        "isActive" : false, 
        "isAvailable" : false, 
        "createdAt" : ISODate("2021-08-08T11:52:34.650+0000"), 
        "hint" : "no thanks", 
        "name" : "did a", 
        "long" : 30.9188, 
        "degree" : {
            "_id" : "6106f7ad464237089eb53971", 
            "name" : "degree 4"
        }, 
        "updatedAt" : ISODate("2021-08-08T11:52:34.650+0000"), 
        "id" : NumberInt(8), 
        "gender" : "male", 
        "department" : {
            "_id" : "6106f7c3464237089eb53972", 
            "name" : "department 4"
        }, 
        "email" : "testdoctor2@gmail.com", 
        "periodPerMinutes" : NumberInt(20), 
        "lat" : 29.9285, 
        "price" : NumberInt(120), 
        "password" : "123123", 
        "rating" : NumberInt(0), 
        "address" : " 6th Of October Second,  6th Of October,  Egypt,  12556"
    }, 
    "time" : "18:54", 
    "patient" : {
        "phone" : "01122334444", 
        "_id" : "6106fb1f464237089eb5397d", 
        "gender" : "male", 
        "idNumber" : "123412341234", 
        "fullName" : "diaa 21", 
        "insuranceCompany" : {
            "_id" : "", 
            "name" : ""
        }, 
        "contractingCompany" : "", 
        "image" : [

        ], 
        "email" : "diaasaeed12@gmail.com"
    }, 
    "date" : "2021-08-12", 
    "isActive" : true, 
    "status" : "accepted", 
    "createdAt" : ISODate("2021-08-08T11:55:22.244+0000"), 
    "updatedAt" : ISODate("2021-08-08T11:55:22.244+0000"), 
    "id" : NumberInt(23)
}
