{ 
    "_id" : ObjectId("6109534711b184cc9eeeabd1"), 
    "image_url" : "/images/city.png", 
    "active" : true, 
    "gov" : {
        "_id" : "61092e0e8b635abfd51dcc09", 
        "name_ar" : "5", 
        "name_en" : "5", 
        "isActive" : true, 
        "createdAt" : ISODate("2021-08-03T11:52:46.827+0000"), 
        "updatedAt" : ISODate("2021-08-03T11:52:46.827+0000"), 
        "id" : NumberInt(1)
    }, 
    "name_ar" : "مدينة 1", 
    "name_en" : "city 1", 
    "id" : NumberInt(1)
}
{ 
    "_id" : ObjectId("6109535711b184cc9eeeabd2"), 
    "image_url" : "/images/city.png", 
    "active" : true, 
    "name_ar" : "مدينة 2", 
    "name_en" : "city 2", 
    "gov" : {
        "_id" : "61092e0e8b635abfd51dcc09", 
        "name_ar" : "5", 
        "name_en" : "5", 
        "isActive" : true, 
        "createdAt" : ISODate("2021-08-03T11:52:46.827+0000"), 
        "updatedAt" : ISODate("2021-08-03T11:52:46.827+0000"), 
        "id" : NumberInt(1)
    }, 
    "id" : NumberInt(2)
}
