{ 
    "_id" : ObjectId("6106fd2c464237089eb53981"), 
    "description" : "Asd", 
    "createdAt" : ISODate("2021-08-01T19:59:40.080+0000"), 
    "id" : NumberInt(1)
}
{ 
    "_id" : ObjectId("6107dd61d0e670425241e0d0"), 
    "description" : "Test", 
    "createdAt" : ISODate("2021-08-02T11:56:17.688+0000"), 
    "id" : NumberInt(2)
}
{ 
    "_id" : ObjectId("610a53ffdb98602b5ecc0869"), 
    "description" : "Asd", 
    "createdAt" : ISODate("2021-08-04T08:46:55.027+0000"), 
    "id" : NumberInt(3)
}
{ 
    "_id" : ObjectId("610fc21f28a7adec93fd68b8"), 
    "description" : "123", 
    "createdAt" : ISODate("2021-08-08T11:38:07.675+0000"), 
    "id" : NumberInt(4)
}
