{ 
    "_id" : ObjectId("611a1ba2b736a57a9c27c33f"), 
    "user" : {
        "_id" : "6106fb1f464237089eb5397d", 
        "idNumber" : "1111", 
        "phone" : "01004500950", 
        "roles" : [

        ], 
        "fullName" : "ahmed", 
        "insuranceCompany" : {
            "_id" : "61092e3e8b635abfd51dcc0a", 
            "name" : "company 1", 
            "image" : [
                {
                    "name" : "/api/image/insuranceCompany/image_1626087049776.png"
                }
            ], 
            "balance" : NumberInt(300)
        }, 
        "gender" : "male", 
        "hasInsurance" : false, 
        "contractingCompany" : "innovalz", 
        "image" : [
            {
                "name" : "//api/image/patients/image_1625738816594.png"
            }
        ], 
        "email" : "diaasaeed12@gmail.com"
    }, 
    "department" : {
        "_id" : "611114272b57dd9b2edfba82", 
        "name_ar" : "department 5", 
        "name_en" : "department 5", 
        "image" : [
            {
                "name" : "/api/image/departments/image_1627208886204.png"
            }
        ]
    }, 
    "period" : NumberInt(30), 
    "price" : NumberInt(100), 
    "isActive" : true, 
    "isContinue" : false, 
    "consultationPeriod" : null, 
    "startConsultation" : null, 
    "time" : NumberInt(0), 
    "status" : {
        "statusId" : NumberInt(1), 
        "name" : "active"
    }, 
    "createdAt" : ISODate("2021-08-16T08:02:42.626+0000"), 
    "updatedAt" : ISODate("2021-08-16T08:02:42.626+0000"), 
    "attachments" : {

    }, 
    "id" : NumberInt(45)
}
{ 
    "_id" : ObjectId("611a1bd0b736a57a9c27c340"), 
    "user" : {
        "_id" : "6107ba8fd0e670425241e0be", 
        "idNumber" : "1111", 
        "phone" : "01004500950", 
        "roles" : [

        ], 
        "fullName" : "ahmed", 
        "insuranceCompany" : {
            "_id" : "61092e3e8b635abfd51dcc0a", 
            "name" : "company 1", 
            "image" : [
                {
                    "name" : "/api/image/insuranceCompany/image_1626087049776.png"
                }
            ], 
            "balance" : NumberInt(300)
        }, 
        "gender" : "male", 
        "hasInsurance" : false, 
        "contractingCompany" : "innovalz", 
        "image" : [
            {
                "name" : "//api/image/patients/image_1625738816594.png"
            }
        ], 
        "email" : "amr11@gmail.com"
    }, 
    "department" : {
        "_id" : "611114272b57dd9b2edfba82", 
        "name_ar" : "department 5", 
        "name_en" : "department 5", 
        "image" : [
            {
                "name" : "/api/image/departments/image_1627208886204.png"
            }
        ]
    }, 
    "period" : NumberInt(30), 
    "price" : NumberInt(100), 
    "isActive" : true, 
    "isContinue" : false, 
    "consultationPeriod" : null, 
    "startConsultation" : null, 
    "time" : NumberInt(0), 
    "status" : {
        "statusId" : NumberInt(1), 
        "name" : "active"
    }, 
    "createdAt" : ISODate("2021-08-16T08:03:28.999+0000"), 
    "updatedAt" : ISODate("2021-08-16T08:03:28.999+0000"), 
    "attachments" : {

    }, 
    "id" : NumberInt(46)
}
{ 
    "_id" : ObjectId("611a1bf6b736a57a9c27c341"), 
    "user" : {
        "_id" : "610fd900721dcafcb0f0512f", 
        "idNumber" : "1111", 
        "phone" : "01004500950", 
        "roles" : [

        ], 
        "fullName" : "ahmed", 
        "insuranceCompany" : {
            "_id" : "61092e3e8b635abfd51dcc0a", 
            "name" : "company 1", 
            "image" : [
                {
                    "name" : "/api/image/insuranceCompany/image_1626087049776.png"
                }
            ], 
            "balance" : NumberInt(300)
        }, 
        "gender" : "male", 
        "hasInsurance" : false, 
        "contractingCompany" : "innovalz", 
        "image" : [
            {
                "name" : "//api/image/patients/image_1625738816594.png"
            }
        ], 
        "email" : "test12@gmail.com"
    }, 
    "department" : {
        "_id" : "611114272b57dd9b2edfba82", 
        "name_ar" : "department 5", 
        "name_en" : "department 5", 
        "image" : [
            {
                "name" : "/api/image/departments/image_1627208886204.png"
            }
        ]
    }, 
    "period" : NumberInt(30), 
    "price" : NumberInt(100), 
    "isActive" : true, 
    "isContinue" : false, 
    "consultationPeriod" : null, 
    "startConsultation" : null, 
    "time" : NumberInt(0), 
    "status" : {
        "statusId" : NumberInt(1), 
        "name" : "active"
    }, 
    "createdAt" : ISODate("2021-08-16T08:04:06.738+0000"), 
    "updatedAt" : ISODate("2021-08-16T08:04:06.738+0000"), 
    "attachments" : {

    }, 
    "id" : NumberInt(47)
}
{ 
    "_id" : ObjectId("611a1c1eb736a57a9c27c342"), 
    "user" : {
        "_id" : "610fdbc4721dcafcb0f05133", 
        "idNumber" : "1111", 
        "phone" : "01004500950", 
        "roles" : [

        ], 
        "fullName" : "ahmed", 
        "insuranceCompany" : {
            "_id" : "61092e3e8b635abfd51dcc0a", 
            "name" : "company 1", 
            "image" : [
                {
                    "name" : "/api/image/insuranceCompany/image_1626087049776.png"
                }
            ], 
            "balance" : NumberInt(300)
        }, 
        "gender" : "male", 
        "hasInsurance" : false, 
        "contractingCompany" : "innovalz", 
        "image" : [
            {
                "name" : "//api/image/patients/image_1625738816594.png"
            }
        ], 
        "email" : "test12345@gmail.com"
    }, 
    "department" : {
        "_id" : "611114272b57dd9b2edfba82", 
        "name_ar" : "department 5", 
        "name_en" : "department 5", 
        "image" : [
            {
                "name" : "/api/image/departments/image_1627208886204.png"
            }
        ]
    }, 
    "period" : NumberInt(30), 
    "price" : NumberInt(100), 
    "isActive" : true, 
    "isContinue" : false, 
    "consultationPeriod" : null, 
    "startConsultation" : null, 
    "time" : NumberInt(0), 
    "status" : {
        "statusId" : NumberInt(1), 
        "name" : "active"
    }, 
    "createdAt" : ISODate("2021-08-16T08:04:46.695+0000"), 
    "updatedAt" : ISODate("2021-08-16T08:04:46.695+0000"), 
    "attachments" : {

    }, 
    "id" : NumberInt(48)
}
{ 
    "_id" : ObjectId("611a1c48b736a57a9c27c343"), 
    "user" : {
        "_id" : "6112f9bae63a92dcf036ea8a", 
        "idNumber" : "1111", 
        "phone" : "01004500950", 
        "roles" : [

        ], 
        "fullName" : "ahmed", 
        "insuranceCompany" : {
            "_id" : "61092e3e8b635abfd51dcc0a", 
            "name" : "company 1", 
            "image" : [
                {
                    "name" : "/api/image/insuranceCompany/image_1626087049776.png"
                }
            ], 
            "balance" : NumberInt(300)
        }, 
        "gender" : "male", 
        "hasInsurance" : false, 
        "contractingCompany" : "innovalz", 
        "image" : [
            {
                "name" : "//api/image/patients/image_1625738816594.png"
            }
        ], 
        "email" : "test10@test.com"
    }, 
    "department" : {
        "_id" : "611114272b57dd9b2edfba82", 
        "name_ar" : "department 5", 
        "name_en" : "department 5", 
        "image" : [
            {
                "name" : "/api/image/departments/image_1627208886204.png"
            }
        ]
    }, 
    "period" : NumberInt(30), 
    "price" : NumberInt(100), 
    "isActive" : true, 
    "isContinue" : false, 
    "consultationPeriod" : null, 
    "startConsultation" : null, 
    "time" : NumberInt(0), 
    "status" : {
        "statusId" : NumberInt(1), 
        "name" : "active"
    }, 
    "createdAt" : ISODate("2021-08-16T08:05:28.400+0000"), 
    "updatedAt" : ISODate("2021-08-16T08:05:28.400+0000"), 
    "attachments" : {

    }, 
    "id" : NumberInt(49)
}
