{ 
    "_id" : ObjectId("610fe504721dcafcb0f05159"), 
    "userName" : "diaa", 
    "department" : {
        "_id" : "610fe42b721dcafcb0f0514f", 
        "name_ar" : "department 4", 
        "name_en" : "department 4", 
        "image" : [
            {
                "name" : "/api/image/departments/image_1627208886204.png"
            }
        ]
    }, 
    "fullName" : "diaaSaeed", 
    "idNumber" : "123456789", 
    "email" : "testConsult@test.com", 
    "phone" : "0123456789", 
    "password" : "123", 
    "gender" : "male", 
    "isActive" : true, 
    "isAvailable" : true, 
    "createdAt" : ISODate("2021-08-08T14:07:00.513+0000"), 
    "updatedAt" : ISODate("2021-08-08T14:07:00.513+0000"), 
    "id" : NumberInt(1), 
    "user_info" : {
        "_id" : ObjectId("610fe504721dcafcb0f0515a")
    }
}
{ 
    "_id" : ObjectId("610fe54b721dcafcb0f0515c"), 
    "userName" : "diaa2", 
    "department" : {
        "_id" : "610fe52c721dcafcb0f0515b", 
        "name_ar" : "department 5", 
        "name_en" : "department 5", 
        "image" : [
            {
                "name" : "/api/image/departments/image_1627208886204.png"
            }
        ]
    }, 
    "fullName" : "diaaSaeed2", 
    "idNumber" : "123456782", 
    "email" : "testConsult1@test.com", 
    "phone" : "0123456782", 
    "password" : "123", 
    "gender" : "male", 
    "isActive" : true, 
    "isAvailable" : true, 
    "createdAt" : ISODate("2021-08-08T14:08:11.411+0000"), 
    "updatedAt" : ISODate("2021-08-08T14:08:11.411+0000"), 
    "id" : NumberInt(2), 
    "user_info" : {
        "_id" : ObjectId("610fe54b721dcafcb0f0515d")
    }
}
{ 
    "_id" : ObjectId("61133e00d777561cd5d00782"), 
    "userName" : "amr1", 
    "department" : {
        "_id" : "611114272b57dd9b2edfba82", 
        "name_ar" : "department 5", 
        "name_en" : "department 5", 
        "image" : [
            {
                "name" : "/api/image/departments/image_1627208886204.png"
            }
        ]
    }, 
    "fullName" : "amr", 
    "idNumber" : "123456782", 
    "email" : "amrc1@gmail.com", 
    "phone" : "01090281022", 
    "password" : "111111111", 
    "gender" : "male", 
    "isActive" : true, 
    "isAvailable" : true, 
    "createdAt" : ISODate("2021-08-11T03:03:28.158+0000"), 
    "updatedAt" : ISODate("2021-08-11T03:03:28.158+0000"), 
    "id" : NumberInt(3), 
    "user_info" : {
        "_id" : ObjectId("61133e00d777561cd5d00783")
    }
}
