{ 
    "_id" : ObjectId("6109dd3648a9df280612de0e"), 
    "phone" : "01122334444", 
    "message" : "H", 
    "fullName" : "diaa", 
    "contactReason" : "suggestion", 
    "isActive" : true, 
    "createdAt" : ISODate("2021-08-04T00:20:06.466+0000"), 
    "updatedAt" : ISODate("2021-08-04T00:20:06.466+0000"), 
    "id" : NumberInt(1)
}
{ 
    "_id" : ObjectId("610fdcae721dcafcb0f05135"), 
    "phone" : "01122334440", 
    "message" : "Asas", 
    "fullName" : "test1234", 
    "contactReason" : "Complaint", 
    "isActive" : true, 
    "createdAt" : ISODate("2021-08-08T13:31:26.952+0000"), 
    "updatedAt" : ISODate("2021-08-08T13:31:26.952+0000"), 
    "id" : NumberInt(2)
}
{ 
    "_id" : ObjectId("610fdcbb721dcafcb0f05136"), 
    "phone" : "01122334440", 
    "message" : "Asdasdasd asd asd sa sad sada", 
    "fullName" : "test1234", 
    "contactReason" : "Other", 
    "isActive" : true, 
    "createdAt" : ISODate("2021-08-08T13:31:39.679+0000"), 
    "updatedAt" : ISODate("2021-08-08T13:31:39.679+0000"), 
    "id" : NumberInt(3)
}
