{ 
    "_id" : ObjectId("6106f7ad464237089eb53971"), 
    "name" : "degree 4", 
    "isActive" : true, 
    "createdAt" : ISODate("2021-08-01T19:36:13.299+0000"), 
    "updatedAt" : ISODate("2021-08-01T19:36:13.299+0000"), 
    "id" : NumberInt(5)
}
{ 
    "_id" : ObjectId("6109319f8b635abfd51dcc15"), 
    "name_ar" : "degree 4", 
    "name_en" : "degree 4", 
    "isActive" : true, 
    "createdAt" : ISODate("2021-08-03T12:07:59.903+0000"), 
    "updatedAt" : ISODate("2021-08-03T12:07:59.903+0000"), 
    "id" : NumberInt(6)
}
