{ 
    "_id" : ObjectId("610fd1ff721dcafcb0f0511a"), 
    "name_ar" : "department 4", 
    "name_en" : "department 4", 
    "price" : NumberInt(120), 
    "image" : [
        {
            "name" : "/api/image/departments/image_1627208886204.png"
        }
    ], 
    "isActive" : true, 
    "createdAt" : ISODate("2021-08-08T12:45:51.106+0000"), 
    "updatedAt" : ISODate("2021-08-08T12:45:51.106+0000"), 
    "id" : NumberInt(7)
}
{ 
    "_id" : ObjectId("610fd35c721dcafcb0f0511b"), 
    "name_ar" : "department 4", 
    "name_en" : "department 4", 
    "price" : NumberInt(120), 
    "mintue" : NumberInt(30), 
    "image" : [
        {
            "name" : "/api/image/departments/image_1627208886204.png"
        }
    ], 
    "isActive" : true, 
    "createdAt" : ISODate("2021-08-08T12:51:40.617+0000"), 
    "updatedAt" : ISODate("2021-08-08T12:51:40.617+0000"), 
    "id" : NumberInt(8)
}
{ 
    "_id" : ObjectId("610fe42b721dcafcb0f0514f"), 
    "name_ar" : "department 4", 
    "name_en" : "department 4", 
    "image" : [
        {
            "name" : "/api/image/departments/image_1627208886204.png"
        }
    ], 
    "isActive" : true, 
    "createdAt" : ISODate("2021-08-08T14:03:23.131+0000"), 
    "updatedAt" : ISODate("2021-08-08T14:03:23.131+0000"), 
    "id" : NumberInt(9)
}
{ 
    "_id" : ObjectId("610fe52c721dcafcb0f0515b"), 
    "name_ar" : "department 5", 
    "name_en" : "department 5", 
    "image" : [
        {
            "name" : "/api/image/departments/image_1627208886204.png"
        }
    ], 
    "isActive" : true, 
    "createdAt" : ISODate("2021-08-08T14:07:40.747+0000"), 
    "updatedAt" : ISODate("2021-08-08T14:07:40.747+0000"), 
    "id" : NumberInt(10)
}
