{ 
    "_id" : ObjectId("6106f7f1464237089eb53973"), 
    "phone" : "01122334455", 
    "long" : 30.9188, 
    "degree" : {
        "_id" : "6106f7ad464237089eb53971", 
        "name" : "degree 4"
    }, 
    "title" : "", 
    "price" : NumberInt(100), 
    "password" : "123123", 
    "image" : [
        {
            "name" : ""
        }
    ], 
    "periodPerMinutes" : NumberInt(20), 
    "lat" : 29.9285, 
    "hint" : "a good doctor", 
    "address" : " 6th Of October Second,  6th Of October,  Egypt,  12556", 
    "department" : {
        "_id" : "6106f7c3464237089eb53972", 
        "name" : "department 4"
    }, 
    "email" : "testdoctor@gmail.com", 
    "name" : "dida ", 
    "gender" : "male", 
    "isActive" : true, 
    "isAvailable" : true, 
    "createdAt" : ISODate("2021-08-01T19:37:21.788+0000"), 
    "updatedAt" : ISODate("2021-08-08T11:37:32.539+0000"), 
    "rating" : 1.2, 
    "status" : {
        "statusId" : NumberInt(1), 
        "name" : "active"
    }, 
    "location" : {
        "type" : "Point", 
        "coordinates" : [
            29.9285, 
            30.9188
        ]
    }, 
    "id" : NumberInt(6), 
    "user_info" : {
        "_id" : ObjectId("6106f7f1464237089eb53974")
    }, 
    "days" : [
        {
            "date" : "2021-08-08", 
            "times" : [
                {
                    "startSession" : "19:56", 
                    "status" : "unAvailable"
                }, 
                {
                    "startSession" : "20:05", 
                    "status" : "unAvailable"
                }, 
                {
                    "startSession" : "08:29", 
                    "status" : "unAvailable"
                }, 
                {
                    "startSession" : "04:33", 
                    "status" : "unAvailable"
                }
            ]
        }, 
        {
            "date" : "2021-08-13", 
            "times" : [
                {
                    "startSession" : "13:37", 
                    "status" : "available"
                }, 
                {
                    "startSession" : "16:37", 
                    "status" : "unAvailable"
                }, 
                {
                    "startSession" : "21:37", 
                    "status" : "available"
                }
            ]
        }
    ], 
    "ratingArr" : [
        {
            "_id" : ObjectId("610a4c02db98602b5ecc0836"), 
            "user" : {
                "done" : true, 
                "errorCode" : NumberInt(200), 
                "data" : {
                    "hasInsurance" : "false", 
                    "isActive" : true, 
                    "idNumber" : "123412341234", 
                    "phone" : "01122334444", 
                    "insuranceCompanyData" : {
                        "_id" : ""
                    }, 
                    "updatedAt" : ISODate("2021-08-04T00:27:45.388+0000"), 
                    "id" : NumberInt(51), 
                    "user_info" : {
                        "_id" : "6106fb1f464237089eb5397e"
                    }, 
                    "_id" : "6106fb1f464237089eb5397d", 
                    "balance" : NumberInt(0), 
                    "image" : [
                        {
                            "name" : ""
                        }
                    ], 
                    "fullName" : "diaa1", 
                    "contractingCompany" : "", 
                    "email" : "diaasaeed12@gmail.com", 
                    "gender" : "male", 
                    "createdAt" : ISODate("2021-08-01T19:50:55.170+0000")
                }, 
                "message" : "find  Profile"
            }, 
            "date" : "2021-08-04", 
            "target" : {
                "location" : {
                    "type" : "Point", 
                    "coordinates" : [
                        29.9285, 
                        30.9188
                    ]
                }, 
                "status" : {
                    "statusId" : NumberInt(1), 
                    "name" : "active"
                }, 
                "title" : "", 
                "image" : [
                    {
                        "name" : ""
                    }
                ], 
                "days" : [
                    {
                        "date" : "2021-11-02", 
                        "times" : [
                            {
                                "status" : "unAvailable", 
                                "startSession" : "00:19"
                            }, 
                            {
                                "status" : "unAvailable", 
                                "startSession" : "03:19"
                            }, 
                            {
                                "status" : "unAvailable", 
                                "startSession" : "12:19"
                            }, 
                            {
                                "status" : "unAvailable", 
                                "startSession" : "17:38"
                            }
                        ]
                    }, 
                    {
                        "date" : "2021-08-08", 
                        "times" : [
                            {
                                "status" : "unAvailable", 
                                "startSession" : "19:56"
                            }, 
                            {
                                "status" : "unAvailable", 
                                "startSession" : "20:05"
                            }, 
                            {
                                "status" : "available", 
                                "startSession" : "08:29"
                            }
                        ]
                    }, 
                    {
                        "date" : "2021-08-13", 
                        "times" : [

                        ]
                    }
                ], 
                "_id" : "6106f7f1464237089eb53973", 
                "isAvailable" : true, 
                "isActive" : true, 
                "hint" : "a good doctor", 
                "createdAt" : ISODate("2021-08-01T19:37:21.788+0000"), 
                "name" : "dida 2", 
                "long" : 30.9188, 
                "degree" : {
                    "_id" : "6106f7ad464237089eb53971", 
                    "name" : "degree 4"
                }, 
                "updatedAt" : ISODate("2021-08-02T11:55:23.814+0000"), 
                "id" : NumberInt(6), 
                "gender" : "male", 
                "department" : {
                    "_id" : "6106f7c3464237089eb53972", 
                    "name" : "department 4"
                }, 
                "email" : "testdoctor@gmail.com", 
                "periodPerMinutes" : NumberInt(20), 
                "lat" : 29.9285, 
                "price" : NumberInt(100), 
                "password" : "123123", 
                "rating" : NumberInt(0), 
                "address" : " 6th Of October Second,  6th Of October,  Egypt,  12556"
            }, 
            "rating" : NumberInt(0), 
            "type" : "doctor", 
            "description" : "asf", 
            "id" : NumberInt(1)
        }, 
        {
            "_id" : ObjectId("610a4c0edb98602b5ecc0837"), 
            "user" : {
                "done" : true, 
                "errorCode" : NumberInt(200), 
                "data" : {
                    "hasInsurance" : "false", 
                    "isActive" : true, 
                    "idNumber" : "123412341234", 
                    "phone" : "01122334444", 
                    "insuranceCompanyData" : {
                        "_id" : ""
                    }, 
                    "updatedAt" : ISODate("2021-08-04T00:27:45.388+0000"), 
                    "id" : NumberInt(51), 
                    "user_info" : {
                        "_id" : "6106fb1f464237089eb5397e"
                    }, 
                    "_id" : "6106fb1f464237089eb5397d", 
                    "balance" : NumberInt(0), 
                    "image" : [
                        {
                            "name" : ""
                        }
                    ], 
                    "fullName" : "diaa1", 
                    "contractingCompany" : "", 
                    "email" : "diaasaeed12@gmail.com", 
                    "gender" : "male", 
                    "createdAt" : ISODate("2021-08-01T19:50:55.170+0000")
                }, 
                "message" : "find  Profile"
            }, 
            "date" : "2021-08-04", 
            "target" : {
                "location" : {
                    "type" : "Point", 
                    "coordinates" : [
                        29.9285, 
                        30.9188
                    ]
                }, 
                "status" : {
                    "statusId" : NumberInt(1), 
                    "name" : "active"
                }, 
                "title" : "", 
                "image" : [
                    {
                        "name" : ""
                    }
                ], 
                "days" : [
                    {
                        "date" : "2021-11-02", 
                        "times" : [
                            {
                                "status" : "unAvailable", 
                                "startSession" : "00:19"
                            }, 
                            {
                                "status" : "unAvailable", 
                                "startSession" : "03:19"
                            }, 
                            {
                                "status" : "unAvailable", 
                                "startSession" : "12:19"
                            }, 
                            {
                                "status" : "unAvailable", 
                                "startSession" : "17:38"
                            }
                        ]
                    }, 
                    {
                        "date" : "2021-08-08", 
                        "times" : [
                            {
                                "status" : "unAvailable", 
                                "startSession" : "19:56"
                            }, 
                            {
                                "status" : "unAvailable", 
                                "startSession" : "20:05"
                            }, 
                            {
                                "status" : "available", 
                                "startSession" : "08:29"
                            }
                        ]
                    }, 
                    {
                        "date" : "2021-08-13", 
                        "times" : [

                        ]
                    }
                ], 
                "_id" : "6106f7f1464237089eb53973", 
                "isAvailable" : true, 
                "isActive" : true, 
                "hint" : "a good doctor", 
                "createdAt" : ISODate("2021-08-01T19:37:21.788+0000"), 
                "name" : "dida 2", 
                "long" : 30.9188, 
                "degree" : {
                    "_id" : "6106f7ad464237089eb53971", 
                    "name" : "degree 4"
                }, 
                "updatedAt" : ISODate("2021-08-02T11:55:23.814+0000"), 
                "id" : NumberInt(6), 
                "gender" : "male", 
                "department" : {
                    "_id" : "6106f7c3464237089eb53972", 
                    "name" : "department 4"
                }, 
                "email" : "testdoctor@gmail.com", 
                "periodPerMinutes" : NumberInt(20), 
                "lat" : 29.9285, 
                "price" : NumberInt(100), 
                "password" : "123123", 
                "rating" : NumberInt(0), 
                "address" : " 6th Of October Second,  6th Of October,  Egypt,  12556"
            }, 
            "rating" : NumberInt(0), 
            "type" : "doctor", 
            "description" : "asf", 
            "id" : NumberInt(2)
        }, 
        {
            "_id" : ObjectId("610a4c21db98602b5ecc0838"), 
            "user" : {
                "done" : true, 
                "errorCode" : NumberInt(200), 
                "data" : {
                    "hasInsurance" : "false", 
                    "isActive" : true, 
                    "idNumber" : "123412341234", 
                    "phone" : "01122334444", 
                    "insuranceCompanyData" : {
                        "_id" : ""
                    }, 
                    "updatedAt" : ISODate("2021-08-04T00:27:45.388+0000"), 
                    "id" : NumberInt(51), 
                    "user_info" : {
                        "_id" : "6106fb1f464237089eb5397e"
                    }, 
                    "_id" : "6106fb1f464237089eb5397d", 
                    "balance" : NumberInt(0), 
                    "image" : [
                        {
                            "name" : ""
                        }
                    ], 
                    "fullName" : "diaa1", 
                    "contractingCompany" : "", 
                    "email" : "diaasaeed12@gmail.com", 
                    "gender" : "male", 
                    "createdAt" : ISODate("2021-08-01T19:50:55.170+0000")
                }, 
                "message" : "find  Profile"
            }, 
            "date" : "2021-08-04", 
            "target" : {
                "location" : {
                    "type" : "Point", 
                    "coordinates" : [
                        29.9285, 
                        30.9188
                    ]
                }, 
                "status" : {
                    "statusId" : NumberInt(1), 
                    "name" : "active"
                }, 
                "title" : "", 
                "image" : [
                    {
                        "name" : ""
                    }
                ], 
                "days" : [
                    {
                        "date" : "2021-11-02", 
                        "times" : [
                            {
                                "status" : "unAvailable", 
                                "startSession" : "00:19"
                            }, 
                            {
                                "status" : "unAvailable", 
                                "startSession" : "03:19"
                            }, 
                            {
                                "status" : "unAvailable", 
                                "startSession" : "12:19"
                            }, 
                            {
                                "status" : "unAvailable", 
                                "startSession" : "17:38"
                            }
                        ]
                    }, 
                    {
                        "date" : "2021-08-08", 
                        "times" : [
                            {
                                "status" : "unAvailable", 
                                "startSession" : "19:56"
                            }, 
                            {
                                "status" : "unAvailable", 
                                "startSession" : "20:05"
                            }, 
                            {
                                "status" : "available", 
                                "startSession" : "08:29"
                            }
                        ]
                    }, 
                    {
                        "date" : "2021-08-13", 
                        "times" : [

                        ]
                    }
                ], 
                "_id" : "6106f7f1464237089eb53973", 
                "isAvailable" : true, 
                "isActive" : true, 
                "hint" : "a good doctor", 
                "createdAt" : ISODate("2021-08-01T19:37:21.788+0000"), 
                "name" : "dida 2", 
                "long" : 30.9188, 
                "degree" : {
                    "_id" : "6106f7ad464237089eb53971", 
                    "name" : "degree 4"
                }, 
                "updatedAt" : ISODate("2021-08-02T11:55:23.814+0000"), 
                "id" : NumberInt(6), 
                "gender" : "male", 
                "department" : {
                    "_id" : "6106f7c3464237089eb53972", 
                    "name" : "department 4"
                }, 
                "email" : "testdoctor@gmail.com", 
                "periodPerMinutes" : NumberInt(20), 
                "lat" : 29.9285, 
                "price" : NumberInt(100), 
                "password" : "123123", 
                "rating" : NumberInt(0), 
                "address" : " 6th Of October Second,  6th Of October,  Egypt,  12556"
            }, 
            "rating" : NumberInt(4), 
            "type" : "doctor", 
            "description" : "Add", 
            "id" : NumberInt(3)
        }, 
        {
            "_id" : ObjectId("610a4c4bdb98602b5ecc083f"), 
            "user" : {
                "done" : true, 
                "errorCode" : NumberInt(200), 
                "data" : {
                    "hasInsurance" : "false", 
                    "isActive" : true, 
                    "idNumber" : "123412341234", 
                    "phone" : "01122334444", 
                    "insuranceCompanyData" : {
                        "_id" : ""
                    }, 
                    "updatedAt" : ISODate("2021-08-04T00:27:45.388+0000"), 
                    "id" : NumberInt(51), 
                    "user_info" : {
                        "_id" : "6106fb1f464237089eb5397e"
                    }, 
                    "_id" : "6106fb1f464237089eb5397d", 
                    "balance" : NumberInt(0), 
                    "image" : [
                        {
                            "name" : ""
                        }
                    ], 
                    "fullName" : "diaa1", 
                    "contractingCompany" : "", 
                    "email" : "diaasaeed12@gmail.com", 
                    "gender" : "male", 
                    "createdAt" : ISODate("2021-08-01T19:50:55.170+0000")
                }, 
                "message" : "find  Profile"
            }, 
            "date" : "2021-08-04", 
            "target" : {
                "location" : {
                    "type" : "Point", 
                    "coordinates" : [
                        29.9285, 
                        30.9188
                    ]
                }, 
                "status" : {
                    "statusId" : NumberInt(1), 
                    "name" : "active"
                }, 
                "title" : "", 
                "image" : [
                    {
                        "name" : ""
                    }
                ], 
                "days" : [
                    {
                        "date" : "2021-11-02", 
                        "times" : [
                            {
                                "status" : "unAvailable", 
                                "startSession" : "00:19"
                            }, 
                            {
                                "status" : "unAvailable", 
                                "startSession" : "03:19"
                            }, 
                            {
                                "status" : "unAvailable", 
                                "startSession" : "12:19"
                            }, 
                            {
                                "status" : "unAvailable", 
                                "startSession" : "17:38"
                            }
                        ]
                    }, 
                    {
                        "date" : "2021-08-08", 
                        "times" : [
                            {
                                "status" : "unAvailable", 
                                "startSession" : "19:56"
                            }, 
                            {
                                "status" : "unAvailable", 
                                "startSession" : "20:05"
                            }, 
                            {
                                "status" : "available", 
                                "startSession" : "08:29"
                            }
                        ]
                    }, 
                    {
                        "date" : "2021-08-13", 
                        "times" : [

                        ]
                    }
                ], 
                "_id" : "6106f7f1464237089eb53973", 
                "isAvailable" : true, 
                "isActive" : true, 
                "hint" : "a good doctor", 
                "createdAt" : ISODate("2021-08-01T19:37:21.788+0000"), 
                "name" : "dida 2", 
                "long" : 30.9188, 
                "degree" : {
                    "_id" : "6106f7ad464237089eb53971", 
                    "name" : "degree 4"
                }, 
                "updatedAt" : ISODate("2021-08-02T11:55:23.814+0000"), 
                "id" : NumberInt(6), 
                "gender" : "male", 
                "department" : {
                    "_id" : "6106f7c3464237089eb53972", 
                    "name" : "department 4"
                }, 
                "email" : "testdoctor@gmail.com", 
                "periodPerMinutes" : NumberInt(20), 
                "lat" : 29.9285, 
                "price" : NumberInt(100), 
                "password" : "123123", 
                "rating" : NumberInt(0), 
                "address" : " 6th Of October Second,  6th Of October,  Egypt,  12556"
            }, 
            "rating" : NumberInt(1), 
            "type" : "doctor", 
            "description" : "asd", 
            "id" : NumberInt(4)
        }, 
        {
            "_id" : ObjectId("610a4cc1db98602b5ecc0841"), 
            "user" : {
                "done" : true, 
                "errorCode" : NumberInt(200), 
                "data" : {
                    "hasInsurance" : "false", 
                    "isActive" : true, 
                    "idNumber" : "123412341234", 
                    "phone" : "01122334444", 
                    "insuranceCompanyData" : {
                        "_id" : ""
                    }, 
                    "updatedAt" : ISODate("2021-08-04T00:27:45.388+0000"), 
                    "id" : NumberInt(51), 
                    "user_info" : {
                        "_id" : "6106fb1f464237089eb5397e"
                    }, 
                    "_id" : "6106fb1f464237089eb5397d", 
                    "balance" : NumberInt(0), 
                    "image" : [
                        {
                            "name" : ""
                        }
                    ], 
                    "fullName" : "diaa1", 
                    "contractingCompany" : "", 
                    "email" : "diaasaeed12@gmail.com", 
                    "gender" : "male", 
                    "createdAt" : ISODate("2021-08-01T19:50:55.170+0000")
                }, 
                "message" : "find  Profile"
            }, 
            "date" : "2021-08-04", 
            "target" : {
                "location" : {
                    "type" : "Point", 
                    "coordinates" : [
                        29.9285, 
                        30.9188
                    ]
                }, 
                "status" : {
                    "statusId" : NumberInt(1), 
                    "name" : "active"
                }, 
                "title" : "", 
                "image" : [
                    {
                        "name" : ""
                    }
                ], 
                "days" : [
                    {
                        "date" : "2021-11-02", 
                        "times" : [
                            {
                                "status" : "unAvailable", 
                                "startSession" : "00:19"
                            }, 
                            {
                                "status" : "unAvailable", 
                                "startSession" : "03:19"
                            }, 
                            {
                                "status" : "available", 
                                "startSession" : "12:19"
                            }, 
                            {
                                "status" : "unAvailable", 
                                "startSession" : "17:38"
                            }
                        ]
                    }, 
                    {
                        "date" : "2021-08-08", 
                        "times" : [
                            {
                                "status" : "unAvailable", 
                                "startSession" : "19:56"
                            }, 
                            {
                                "status" : "unAvailable", 
                                "startSession" : "20:05"
                            }
                        ]
                    }, 
                    {
                        "date" : "2021-08-13", 
                        "times" : [

                        ]
                    }
                ], 
                "_id" : "6106f7f1464237089eb53973", 
                "isAvailable" : true, 
                "isActive" : true, 
                "hint" : "a good doctor", 
                "createdAt" : ISODate("2021-08-01T19:37:21.788+0000"), 
                "name" : "dida 2", 
                "long" : 30.9188, 
                "degree" : {
                    "_id" : "6106f7ad464237089eb53971", 
                    "name" : "degree 4"
                }, 
                "updatedAt" : ISODate("2021-08-02T11:55:23.814+0000"), 
                "id" : NumberInt(6), 
                "gender" : "male", 
                "department" : {
                    "_id" : "6106f7c3464237089eb53972", 
                    "name" : "department 4"
                }, 
                "email" : "testdoctor@gmail.com", 
                "periodPerMinutes" : NumberInt(20), 
                "lat" : 29.9285, 
                "price" : NumberInt(100), 
                "password" : "123123", 
                "rating" : NumberInt(0), 
                "address" : " 6th Of October Second,  6th Of October,  Egypt,  12556"
            }, 
            "rating" : NumberInt(1), 
            "type" : "doctor", 
            "description" : "asd", 
            "id" : NumberInt(6)
        }
    ]
}
{ 
    "_id" : ObjectId("6107de40d0e670425241e0d2"), 
    "phone" : "01122334488", 
    "long" : 30.9188, 
    "degree" : {
        "_id" : "6106f7ad464237089eb53971", 
        "name" : "degree 4"
    }, 
    "title" : "", 
    "price" : NumberInt(120), 
    "password" : "123123", 
    "image" : [
        {
            "name" : "/api/image/patients/image_1627905595956.png"
        }
    ], 
    "periodPerMinutes" : NumberInt(20), 
    "lat" : 29.9285, 
    "hint" : "a good doc", 
    "address" : " 6th Of October Second,  6th Of October,  Egypt,  12556", 
    "department" : {
        "_id" : "6106f7c3464237089eb53972", 
        "name" : "department 4"
    }, 
    "email" : "dida@gmail.com", 
    "name" : "diaa22", 
    "gender" : "male", 
    "isActive" : false, 
    "isAvailable" : false, 
    "createdAt" : ISODate("2021-08-02T12:00:00.595+0000"), 
    "updatedAt" : ISODate("2021-08-02T12:00:00.595+0000"), 
    "rating" : NumberInt(0), 
    "status" : {
        "statusId" : NumberInt(1), 
        "name" : "active"
    }, 
    "location" : {
        "type" : "Point", 
        "coordinates" : [
            29.9285, 
            30.9188
        ]
    }, 
    "id" : NumberInt(7), 
    "user_info" : {
        "_id" : ObjectId("6107de40d0e670425241e0d3")
    }
}
{ 
    "_id" : ObjectId("610fc58228a7adec93fd68c2"), 
    "phone" : "01231231233", 
    "long" : 30.9188, 
    "degree" : {
        "_id" : "6106f7ad464237089eb53971", 
        "name" : "degree 4"
    }, 
    "title" : "", 
    "price" : NumberInt(120), 
    "password" : "123123", 
    "image" : [
        {
            "name" : ""
        }
    ], 
    "periodPerMinutes" : NumberInt(20), 
    "lat" : 29.9285, 
    "hint" : "no thanks", 
    "address" : " 6th Of October Second,  6th Of October,  Egypt,  12556", 
    "department" : {
        "_id" : "6106f7c3464237089eb53972", 
        "name" : "department 4"
    }, 
    "email" : "testdoctor2@gmail.com", 
    "name" : "did a", 
    "gender" : "male", 
    "isActive" : false, 
    "isAvailable" : false, 
    "createdAt" : ISODate("2021-08-08T11:52:34.650+0000"), 
    "updatedAt" : ISODate("2021-08-08T11:52:34.650+0000"), 
    "rating" : NumberInt(0), 
    "status" : {
        "statusId" : NumberInt(1), 
        "name" : "active"
    }, 
    "location" : {
        "type" : "Point", 
        "coordinates" : [
            29.9285, 
            30.9188
        ]
    }, 
    "id" : NumberInt(8), 
    "user_info" : {
        "_id" : ObjectId("610fc58228a7adec93fd68c3")
    }, 
    "days" : [
        {
            "dayName" : null, 
            "date" : "2021-08-12", 
            "times" : [
                {
                    "startSession" : "13:54", 
                    "status" : "available"
                }, 
                {
                    "startSession" : "18:54", 
                    "status" : "unAvailable"
                }
            ]
        }
    ]
}
