{ 
    "_id" : ObjectId("61092e3e8b635abfd51dcc0a"), 
    "name_ar" : "company 1", 
    "name_en" : "company 1", 
    "image" : [
        {
            "name" : "/api/image/insuranceCompany/image_1626087049776.png"
        }
    ], 
    "insuranceNumbers" : [
        {
            "number" : "123456789"
        }, 
        {
            "number" : "0258369"
        }, 
        {
            "number" : "147258"
        }, 
        {
            "number" : "159635"
        }
    ], 
    "balance" : NumberInt(300), 
    "isActive" : true, 
    "createdAt" : ISODate("2021-08-03T11:53:34.671+0000"), 
    "updatedAt" : ISODate("2021-08-03T11:53:34.671+0000"), 
    "id" : NumberInt(1)
}
