{ 
    "_id" : ObjectId("6106fb1f464237089eb5397d"), 
    "phone" : "01122334444", 
    "password" : "12341234", 
    "gender" : "male", 
    "hasInsurance" : true, 
    "idNumber" : "123412341234", 
    "fullName" : "diaa 21", 
    "contractingCompany" : "", 
    "insuranceCompanyData" : {
        "_id" : ""
    }, 
    "insuranceCompany" : {
        "_id" : "61092e3e8b635abfd51dcc0a", 
        "name_ar" : "company 1", 
        "name_en" : "company 1", 
        "image" : [
            {
                "name" : "/api/image/insuranceCompany/image_1626087049776.png"
            }
        ], 
        "balance" : NumberInt(300)
    }, 
    "email" : "diaasaeed12@gmail.com", 
    "image" : [
        {
            "name" : ""
        }
    ], 
    "isActive" : true, 
    "varifyMessage" : "7840", 
    "createdAt" : ISODate("2021-08-01T19:50:55.170+0000"), 
    "updatedAt" : ISODate("2021-08-08T08:41:22.918+0000"), 
    "balance" : NumberInt(180), 
    "id" : NumberInt(51), 
    "user_info" : {
        "_id" : ObjectId("6106fb1f464237089eb5397e")
    }
}
{ 
    "_id" : ObjectId("6107ba8fd0e670425241e0be"), 
    "contractingCompany" : "", 
    "email" : "amr11@gmail.com", 
    "fullName" : "amr", 
    "gender" : "male", 
    "hasInsurance" : false, 
    "idNumber" : "94849595959955", 
    "image" : [
        {
            "name" : ""
        }
    ], 
    "password" : "111111111", 
    "phone" : "01254884848", 
    "isActive" : true, 
    "varifyMessage" : "2653", 
    "createdAt" : ISODate("2021-08-02T09:27:43.729+0000"), 
    "updatedAt" : ISODate("2021-08-02T09:27:43.729+0000"), 
    "balance" : NumberInt(0), 
    "id" : NumberInt(52), 
    "user_info" : {
        "_id" : ObjectId("6107ba8fd0e670425241e0bf")
    }
}
{ 
    "_id" : ObjectId("610fd900721dcafcb0f0512f"), 
    "phone" : "01122334413", 
    "password" : "123123", 
    "gender" : "male", 
    "hasInsurance" : "true", 
    "idNumber" : "12341234123412", 
    "fullName" : "test12@gmail.com", 
    "contractingCompany" : "innovalz", 
    "insuranceCompanyData" : {
        "_id" : "61092e3e8b635abfd51dcc0a"
    }, 
    "email" : "test12@gmail.com", 
    "image" : [
        {
            "name" : "/api/image/patients/image_1628428543066.png"
        }
    ], 
    "isActive" : false, 
    "varifyMessage" : "2668", 
    "createdAt" : ISODate("2021-08-08T13:15:44.450+0000"), 
    "updatedAt" : ISODate("2021-08-08T13:15:44.450+0000"), 
    "balance" : NumberInt(0), 
    "id" : NumberInt(53), 
    "user_info" : {
        "_id" : ObjectId("610fd900721dcafcb0f05130")
    }
}
{ 
    "_id" : ObjectId("610fdbc4721dcafcb0f05133"), 
    "phone" : "01122334440", 
    "password" : "12341234", 
    "gender" : "male", 
    "hasInsurance" : "false", 
    "idNumber" : "123123123123123123123123", 
    "fullName" : "test1234", 
    "contractingCompany" : "inno", 
    "insuranceCompanyData" : {
        "_id" : "61092e3e8b635abfd51dcc0a"
    }, 
    "email" : "test12345@gmail.com", 
    "image" : [
        {
            "name" : "/api/image/patients/image_1628429221192.png"
        }
    ], 
    "isActive" : true, 
    "varifyMessage" : "9972", 
    "createdAt" : ISODate("2021-08-08T13:27:32.922+0000"), 
    "updatedAt" : ISODate("2021-08-08T13:29:38.138+0000"), 
    "balance" : NumberInt(0), 
    "id" : NumberInt(54), 
    "user_info" : {
        "_id" : ObjectId("610fdbc4721dcafcb0f05134")
    }
}
{ 
    "_id" : ObjectId("6112f9bae63a92dcf036ea8a"), 
    "idNumber" : "1111", 
    "phone" : "01004500951", 
    "password" : "123", 
    "roles" : [

    ], 
    "fullName" : "ahmed", 
    "insuranceCompany" : {
        "_id" : "61092e3e8b635abfd51dcc0a", 
        "name_ar" : "company 1", 
        "name_en" : "company 1", 
        "image" : [
            {
                "name" : "/api/image/insuranceCompany/image_1626087049776.png"
            }
        ], 
        "balance" : NumberInt(300)
    }, 
    "gender" : "male", 
    "hasInsurance" : true, 
    "contractingCompany" : "innovalz", 
    "image" : [
        {
            "name" : "//api/image/patients/image_1625738816594.png"
        }
    ], 
    "email" : "test10@test.com", 
    "insuranceNumber" : "123456789", 
    "cardImage" : [
        {
            "name" : "/api/image/insuranceCompany/image_1626087049776.png"
        }
    ], 
    "isActive" : false, 
    "varifyMessage" : "2578", 
    "createdAt" : ISODate("2021-08-10T22:12:10.729+0000"), 
    "updatedAt" : ISODate("2021-08-10T22:12:10.729+0000"), 
    "balance" : NumberInt(0), 
    "id" : NumberInt(55), 
    "user_info" : {
        "_id" : ObjectId("6112f9bae63a92dcf036ea8b")
    }
}
