{ 
    "_id" : ObjectId("61096da9a5ce00f1f47b027a"), 
    "phone" : "01122223333", 
    "city" : {
        "_id" : "6109534711b184cc9eeeabd1"
    }, 
    "branch" : "test ", 
    "userName" : "test", 
    "password" : "123", 
    "address" : " 6th Of October Second,  6th Of October,  Egypt,  12556", 
    "email" : "test1@gmail.com", 
    "pharmacyName" : "test 1", 
    "lat" : 29.9285, 
    "gov" : {
        "_id" : "61092e0e8b635abfd51dcc09"
    }, 
    "long" : 30.9188, 
    "isActive" : false, 
    "isAvailable" : true, 
    "createdAt" : ISODate("2021-08-03T16:24:09.772+0000"), 
    "updatedAt" : ISODate("2021-08-04T09:43:04.180+0000"), 
    "location" : {
        "type" : "Point", 
        "coordinates" : [
            29.9285, 
            30.9188
        ]
    }, 
    "id" : NumberInt(1), 
    "user_info" : {
        "_id" : ObjectId("61096da9a5ce00f1f47b027b")
    }
}
{ 
    "_id" : ObjectId("610f90def8b32fdd597bb8d7"), 
    "phone" : "122333334445", 
    "city" : {
        "_id" : "6109534711b184cc9eeeabd1"
    }, 
    "branch" : "test", 
    "userName" : "test88", 
    "password" : "123123", 
    "address" : " 6th Of October Second,  6th Of October,  Egypt,  12556", 
    "email" : "test3@gmail.com", 
    "pharmacyName" : "test88", 
    "lat" : 29.9285, 
    "gov" : {
        "_id" : "61092e0e8b635abfd51dcc09"
    }, 
    "long" : 30.9188, 
    "isActive" : false, 
    "isAvailable" : false, 
    "createdAt" : ISODate("2021-08-08T08:07:58.721+0000"), 
    "updatedAt" : ISODate("2021-08-08T08:07:58.721+0000"), 
    "location" : {
        "type" : "Point", 
        "coordinates" : [
            29.9285, 
            30.9188
        ]
    }, 
    "id" : NumberInt(2), 
    "user_info" : {
        "_id" : ObjectId("610f90def8b32fdd597bb8d8")
    }
}
{ 
    "_id" : ObjectId("610fe651721dcafcb0f0515f"), 
    "phone" : "01133445521", 
    "city" : {
        "_id" : "6109535711b184cc9eeeabd2"
    }, 
    "branch" : "Dokkiii", 
    "userName" : "test1234", 
    "password" : "123123", 
    "address" : " 6th Of October Second,  6th Of October,  Egypt,  12556", 
    "email" : "test123456@gmail.com", 
    "pharmacyName" : "test123456", 
    "lat" : 29.9285, 
    "gov" : {
        "_id" : "61092e0e8b635abfd51dcc09"
    }, 
    "long" : 30.9188, 
    "isActive" : false, 
    "isAvailable" : false, 
    "createdAt" : ISODate("2021-08-08T14:12:33.678+0000"), 
    "updatedAt" : ISODate("2021-08-08T14:13:53.555+0000"), 
    "location" : {
        "type" : "Point", 
        "coordinates" : [
            29.9285, 
            30.9188
        ]
    }, 
    "id" : NumberInt(3), 
    "user_info" : {
        "_id" : ObjectId("610fe651721dcafcb0f05160")
    }
}
