{ 
    "_id" : ObjectId("610a4c02db98602b5ecc0836"), 
    "user" : {
        "done" : true, 
        "errorCode" : NumberInt(200), 
        "data" : {
            "hasInsurance" : "false", 
            "isActive" : true, 
            "idNumber" : "123412341234", 
            "phone" : "01122334444", 
            "insuranceCompanyData" : {
                "_id" : ""
            }, 
            "updatedAt" : ISODate("2021-08-04T00:27:45.388+0000"), 
            "id" : NumberInt(51), 
            "user_info" : {
                "_id" : "6106fb1f464237089eb5397e"
            }, 
            "_id" : "6106fb1f464237089eb5397d", 
            "balance" : NumberInt(0), 
            "image" : [
                {
                    "name" : ""
                }
            ], 
            "fullName" : "diaa1", 
            "contractingCompany" : "", 
            "email" : "diaasaeed12@gmail.com", 
            "gender" : "male", 
            "createdAt" : ISODate("2021-08-01T19:50:55.170+0000")
        }, 
        "message" : "find  Profile"
    }, 
    "date" : "2021-08-04", 
    "target" : {
        "location" : {
            "type" : "Point", 
            "coordinates" : [
                29.9285, 
                30.9188
            ]
        }, 
        "status" : {
            "statusId" : NumberInt(1), 
            "name" : "active"
        }, 
        "title" : "", 
        "image" : [
            {
                "name" : ""
            }
        ], 
        "days" : [
            {
                "date" : "2021-11-02", 
                "times" : [
                    {
                        "status" : "unAvailable", 
                        "startSession" : "00:19"
                    }, 
                    {
                        "status" : "unAvailable", 
                        "startSession" : "03:19"
                    }, 
                    {
                        "status" : "unAvailable", 
                        "startSession" : "12:19"
                    }, 
                    {
                        "status" : "unAvailable", 
                        "startSession" : "17:38"
                    }
                ]
            }, 
            {
                "date" : "2021-08-08", 
                "times" : [
                    {
                        "status" : "unAvailable", 
                        "startSession" : "19:56"
                    }, 
                    {
                        "status" : "unAvailable", 
                        "startSession" : "20:05"
                    }, 
                    {
                        "status" : "available", 
                        "startSession" : "08:29"
                    }
                ]
            }, 
            {
                "date" : "2021-08-13", 
                "times" : [

                ]
            }
        ], 
        "_id" : "6106f7f1464237089eb53973", 
        "isAvailable" : true, 
        "isActive" : true, 
        "hint" : "a good doctor", 
        "createdAt" : ISODate("2021-08-01T19:37:21.788+0000"), 
        "name" : "dida 2", 
        "long" : 30.9188, 
        "degree" : {
            "_id" : "6106f7ad464237089eb53971", 
            "name" : "degree 4"
        }, 
        "updatedAt" : ISODate("2021-08-02T11:55:23.814+0000"), 
        "id" : NumberInt(6), 
        "gender" : "male", 
        "department" : {
            "_id" : "6106f7c3464237089eb53972", 
            "name" : "department 4"
        }, 
        "email" : "testdoctor@gmail.com", 
        "periodPerMinutes" : NumberInt(20), 
        "lat" : 29.9285, 
        "price" : NumberInt(100), 
        "password" : "123123", 
        "rating" : NumberInt(0), 
        "address" : " 6th Of October Second,  6th Of October,  Egypt,  12556"
    }, 
    "rating" : NumberInt(0), 
    "type" : "doctor", 
    "description" : "asf", 
    "id" : NumberInt(1)
}
{ 
    "_id" : ObjectId("610a4c0edb98602b5ecc0837"), 
    "user" : {
        "done" : true, 
        "errorCode" : NumberInt(200), 
        "data" : {
            "hasInsurance" : "false", 
            "isActive" : true, 
            "idNumber" : "123412341234", 
            "phone" : "01122334444", 
            "insuranceCompanyData" : {
                "_id" : ""
            }, 
            "updatedAt" : ISODate("2021-08-04T00:27:45.388+0000"), 
            "id" : NumberInt(51), 
            "user_info" : {
                "_id" : "6106fb1f464237089eb5397e"
            }, 
            "_id" : "6106fb1f464237089eb5397d", 
            "balance" : NumberInt(0), 
            "image" : [
                {
                    "name" : ""
                }
            ], 
            "fullName" : "diaa1", 
            "contractingCompany" : "", 
            "email" : "diaasaeed12@gmail.com", 
            "gender" : "male", 
            "createdAt" : ISODate("2021-08-01T19:50:55.170+0000")
        }, 
        "message" : "find  Profile"
    }, 
    "date" : "2021-08-04", 
    "target" : {
        "location" : {
            "type" : "Point", 
            "coordinates" : [
                29.9285, 
                30.9188
            ]
        }, 
        "status" : {
            "statusId" : NumberInt(1), 
            "name" : "active"
        }, 
        "title" : "", 
        "image" : [
            {
                "name" : ""
            }
        ], 
        "days" : [
            {
                "date" : "2021-11-02", 
                "times" : [
                    {
                        "status" : "unAvailable", 
                        "startSession" : "00:19"
                    }, 
                    {
                        "status" : "unAvailable", 
                        "startSession" : "03:19"
                    }, 
                    {
                        "status" : "unAvailable", 
                        "startSession" : "12:19"
                    }, 
                    {
                        "status" : "unAvailable", 
                        "startSession" : "17:38"
                    }
                ]
            }, 
            {
                "date" : "2021-08-08", 
                "times" : [
                    {
                        "status" : "unAvailable", 
                        "startSession" : "19:56"
                    }, 
                    {
                        "status" : "unAvailable", 
                        "startSession" : "20:05"
                    }, 
                    {
                        "status" : "available", 
                        "startSession" : "08:29"
                    }
                ]
            }, 
            {
                "date" : "2021-08-13", 
                "times" : [

                ]
            }
        ], 
        "_id" : "6106f7f1464237089eb53973", 
        "isAvailable" : true, 
        "isActive" : true, 
        "hint" : "a good doctor", 
        "createdAt" : ISODate("2021-08-01T19:37:21.788+0000"), 
        "name" : "dida 2", 
        "long" : 30.9188, 
        "degree" : {
            "_id" : "6106f7ad464237089eb53971", 
            "name" : "degree 4"
        }, 
        "updatedAt" : ISODate("2021-08-02T11:55:23.814+0000"), 
        "id" : NumberInt(6), 
        "gender" : "male", 
        "department" : {
            "_id" : "6106f7c3464237089eb53972", 
            "name" : "department 4"
        }, 
        "email" : "testdoctor@gmail.com", 
        "periodPerMinutes" : NumberInt(20), 
        "lat" : 29.9285, 
        "price" : NumberInt(100), 
        "password" : "123123", 
        "rating" : NumberInt(0), 
        "address" : " 6th Of October Second,  6th Of October,  Egypt,  12556"
    }, 
    "rating" : NumberInt(0), 
    "type" : "doctor", 
    "description" : "asf", 
    "id" : NumberInt(2)
}
{ 
    "_id" : ObjectId("610a4c21db98602b5ecc0838"), 
    "user" : {
        "done" : true, 
        "errorCode" : NumberInt(200), 
        "data" : {
            "hasInsurance" : "false", 
            "isActive" : true, 
            "idNumber" : "123412341234", 
            "phone" : "01122334444", 
            "insuranceCompanyData" : {
                "_id" : ""
            }, 
            "updatedAt" : ISODate("2021-08-04T00:27:45.388+0000"), 
            "id" : NumberInt(51), 
            "user_info" : {
                "_id" : "6106fb1f464237089eb5397e"
            }, 
            "_id" : "6106fb1f464237089eb5397d", 
            "balance" : NumberInt(0), 
            "image" : [
                {
                    "name" : ""
                }
            ], 
            "fullName" : "diaa1", 
            "contractingCompany" : "", 
            "email" : "diaasaeed12@gmail.com", 
            "gender" : "male", 
            "createdAt" : ISODate("2021-08-01T19:50:55.170+0000")
        }, 
        "message" : "find  Profile"
    }, 
    "date" : "2021-08-04", 
    "target" : {
        "location" : {
            "type" : "Point", 
            "coordinates" : [
                29.9285, 
                30.9188
            ]
        }, 
        "status" : {
            "statusId" : NumberInt(1), 
            "name" : "active"
        }, 
        "title" : "", 
        "image" : [
            {
                "name" : ""
            }
        ], 
        "days" : [
            {
                "date" : "2021-11-02", 
                "times" : [
                    {
                        "status" : "unAvailable", 
                        "startSession" : "00:19"
                    }, 
                    {
                        "status" : "unAvailable", 
                        "startSession" : "03:19"
                    }, 
                    {
                        "status" : "unAvailable", 
                        "startSession" : "12:19"
                    }, 
                    {
                        "status" : "unAvailable", 
                        "startSession" : "17:38"
                    }
                ]
            }, 
            {
                "date" : "2021-08-08", 
                "times" : [
                    {
                        "status" : "unAvailable", 
                        "startSession" : "19:56"
                    }, 
                    {
                        "status" : "unAvailable", 
                        "startSession" : "20:05"
                    }, 
                    {
                        "status" : "available", 
                        "startSession" : "08:29"
                    }
                ]
            }, 
            {
                "date" : "2021-08-13", 
                "times" : [

                ]
            }
        ], 
        "_id" : "6106f7f1464237089eb53973", 
        "isAvailable" : true, 
        "isActive" : true, 
        "hint" : "a good doctor", 
        "createdAt" : ISODate("2021-08-01T19:37:21.788+0000"), 
        "name" : "dida 2", 
        "long" : 30.9188, 
        "degree" : {
            "_id" : "6106f7ad464237089eb53971", 
            "name" : "degree 4"
        }, 
        "updatedAt" : ISODate("2021-08-02T11:55:23.814+0000"), 
        "id" : NumberInt(6), 
        "gender" : "male", 
        "department" : {
            "_id" : "6106f7c3464237089eb53972", 
            "name" : "department 4"
        }, 
        "email" : "testdoctor@gmail.com", 
        "periodPerMinutes" : NumberInt(20), 
        "lat" : 29.9285, 
        "price" : NumberInt(100), 
        "password" : "123123", 
        "rating" : NumberInt(0), 
        "address" : " 6th Of October Second,  6th Of October,  Egypt,  12556"
    }, 
    "rating" : NumberInt(4), 
    "type" : "doctor", 
    "description" : "Add", 
    "id" : NumberInt(3)
}
{ 
    "_id" : ObjectId("610a4c4bdb98602b5ecc083f"), 
    "user" : {
        "done" : true, 
        "errorCode" : NumberInt(200), 
        "data" : {
            "hasInsurance" : "false", 
            "isActive" : true, 
            "idNumber" : "123412341234", 
            "phone" : "01122334444", 
            "insuranceCompanyData" : {
                "_id" : ""
            }, 
            "updatedAt" : ISODate("2021-08-04T00:27:45.388+0000"), 
            "id" : NumberInt(51), 
            "user_info" : {
                "_id" : "6106fb1f464237089eb5397e"
            }, 
            "_id" : "6106fb1f464237089eb5397d", 
            "balance" : NumberInt(0), 
            "image" : [
                {
                    "name" : ""
                }
            ], 
            "fullName" : "diaa1", 
            "contractingCompany" : "", 
            "email" : "diaasaeed12@gmail.com", 
            "gender" : "male", 
            "createdAt" : ISODate("2021-08-01T19:50:55.170+0000")
        }, 
        "message" : "find  Profile"
    }, 
    "date" : "2021-08-04", 
    "target" : {
        "location" : {
            "type" : "Point", 
            "coordinates" : [
                29.9285, 
                30.9188
            ]
        }, 
        "status" : {
            "statusId" : NumberInt(1), 
            "name" : "active"
        }, 
        "title" : "", 
        "image" : [
            {
                "name" : ""
            }
        ], 
        "days" : [
            {
                "date" : "2021-11-02", 
                "times" : [
                    {
                        "status" : "unAvailable", 
                        "startSession" : "00:19"
                    }, 
                    {
                        "status" : "unAvailable", 
                        "startSession" : "03:19"
                    }, 
                    {
                        "status" : "unAvailable", 
                        "startSession" : "12:19"
                    }, 
                    {
                        "status" : "unAvailable", 
                        "startSession" : "17:38"
                    }
                ]
            }, 
            {
                "date" : "2021-08-08", 
                "times" : [
                    {
                        "status" : "unAvailable", 
                        "startSession" : "19:56"
                    }, 
                    {
                        "status" : "unAvailable", 
                        "startSession" : "20:05"
                    }, 
                    {
                        "status" : "available", 
                        "startSession" : "08:29"
                    }
                ]
            }, 
            {
                "date" : "2021-08-13", 
                "times" : [

                ]
            }
        ], 
        "_id" : "6106f7f1464237089eb53973", 
        "isAvailable" : true, 
        "isActive" : true, 
        "hint" : "a good doctor", 
        "createdAt" : ISODate("2021-08-01T19:37:21.788+0000"), 
        "name" : "dida 2", 
        "long" : 30.9188, 
        "degree" : {
            "_id" : "6106f7ad464237089eb53971", 
            "name" : "degree 4"
        }, 
        "updatedAt" : ISODate("2021-08-02T11:55:23.814+0000"), 
        "id" : NumberInt(6), 
        "gender" : "male", 
        "department" : {
            "_id" : "6106f7c3464237089eb53972", 
            "name" : "department 4"
        }, 
        "email" : "testdoctor@gmail.com", 
        "periodPerMinutes" : NumberInt(20), 
        "lat" : 29.9285, 
        "price" : NumberInt(100), 
        "password" : "123123", 
        "rating" : NumberInt(0), 
        "address" : " 6th Of October Second,  6th Of October,  Egypt,  12556"
    }, 
    "rating" : NumberInt(1), 
    "type" : "doctor", 
    "description" : "asd", 
    "id" : NumberInt(4)
}
{ 
    "_id" : ObjectId("610a4c82db98602b5ecc0840"), 
    "user" : {
        "_id" : "60ec132bda6e010f5827fd10", 
        "idNumber" : "1111", 
        "phone" : "01004500950", 
        "roles" : [

        ], 
        "fullName" : "ahmed", 
        "insuranceCompany" : {
            "_id" : "60dc34da9bf545255844e30d", 
            "name" : "company 1", 
            "image" : [
                {
                    "name" : "/api/image/insuranceCompany/image_1626087049776.png"
                }
            ], 
            "balance" : NumberInt(300)
        }, 
        "gender" : "male", 
        "hasInsurance" : false, 
        "contractingCompany" : "innovalz", 
        "image" : [
            {
                "name" : "//api/image/patients/image_1625738816594.png"
            }
        ], 
        "email" : "test3@test.com"
    }, 
    "date" : "2021-08-04", 
    "target" : {
        "_id" : "61000a1853b67d1fe4f888a1", 
        "name" : "ahmed_test9", 
        "image" : [
            {
                "name" : "/api/image/doctors/image_1625848689389.png"
            }
        ], 
        "degree" : {
            "_id" : "60ed450882d81933a43c3a4e", 
            "name" : "degree 2"
        }, 
        "department" : {
            "name" : "surgary", 
            "period" : NumberInt(30), 
            "price" : NumberInt(100)
        }, 
        "hint" : "test hint ", 
        "price" : NumberInt(100), 
        "periodPerMinutes" : NumberInt(30), 
        "email" : "a.a@a.com", 
        "lat" : 30.974077, 
        "long" : 31.272066, 
        "title" : "proff at ttt ", 
        "city" : {
            "_id" : "60daf31d2cb52a320079c8ed", 
            "name" : "city1"
        }, 
        "gender" : "male"
    }, 
    "rating" : NumberInt(4), 
    "type" : "doctor", 
    "description" : "too late", 
    "id" : NumberInt(5)
}
{ 
    "_id" : ObjectId("610a4cc1db98602b5ecc0841"), 
    "user" : {
        "done" : true, 
        "errorCode" : NumberInt(200), 
        "data" : {
            "hasInsurance" : "false", 
            "isActive" : true, 
            "idNumber" : "123412341234", 
            "phone" : "01122334444", 
            "insuranceCompanyData" : {
                "_id" : ""
            }, 
            "updatedAt" : ISODate("2021-08-04T00:27:45.388+0000"), 
            "id" : NumberInt(51), 
            "user_info" : {
                "_id" : "6106fb1f464237089eb5397e"
            }, 
            "_id" : "6106fb1f464237089eb5397d", 
            "balance" : NumberInt(0), 
            "image" : [
                {
                    "name" : ""
                }
            ], 
            "fullName" : "diaa1", 
            "contractingCompany" : "", 
            "email" : "diaasaeed12@gmail.com", 
            "gender" : "male", 
            "createdAt" : ISODate("2021-08-01T19:50:55.170+0000")
        }, 
        "message" : "find  Profile"
    }, 
    "date" : "2021-08-04", 
    "target" : {
        "location" : {
            "type" : "Point", 
            "coordinates" : [
                29.9285, 
                30.9188
            ]
        }, 
        "status" : {
            "statusId" : NumberInt(1), 
            "name" : "active"
        }, 
        "title" : "", 
        "image" : [
            {
                "name" : ""
            }
        ], 
        "days" : [
            {
                "date" : "2021-11-02", 
                "times" : [
                    {
                        "status" : "unAvailable", 
                        "startSession" : "00:19"
                    }, 
                    {
                        "status" : "unAvailable", 
                        "startSession" : "03:19"
                    }, 
                    {
                        "status" : "available", 
                        "startSession" : "12:19"
                    }, 
                    {
                        "status" : "unAvailable", 
                        "startSession" : "17:38"
                    }
                ]
            }, 
            {
                "date" : "2021-08-08", 
                "times" : [
                    {
                        "status" : "unAvailable", 
                        "startSession" : "19:56"
                    }, 
                    {
                        "status" : "unAvailable", 
                        "startSession" : "20:05"
                    }
                ]
            }, 
            {
                "date" : "2021-08-13", 
                "times" : [

                ]
            }
        ], 
        "_id" : "6106f7f1464237089eb53973", 
        "isAvailable" : true, 
        "isActive" : true, 
        "hint" : "a good doctor", 
        "createdAt" : ISODate("2021-08-01T19:37:21.788+0000"), 
        "name" : "dida 2", 
        "long" : 30.9188, 
        "degree" : {
            "_id" : "6106f7ad464237089eb53971", 
            "name" : "degree 4"
        }, 
        "updatedAt" : ISODate("2021-08-02T11:55:23.814+0000"), 
        "id" : NumberInt(6), 
        "gender" : "male", 
        "department" : {
            "_id" : "6106f7c3464237089eb53972", 
            "name" : "department 4"
        }, 
        "email" : "testdoctor@gmail.com", 
        "periodPerMinutes" : NumberInt(20), 
        "lat" : 29.9285, 
        "price" : NumberInt(100), 
        "password" : "123123", 
        "rating" : NumberInt(0), 
        "address" : " 6th Of October Second,  6th Of October,  Egypt,  12556"
    }, 
    "rating" : NumberInt(1), 
    "type" : "doctor", 
    "description" : "asd", 
    "id" : NumberInt(6)
}
