{ 
    "_id" : ObjectId("60cb38d9d108e2d5d827ed23"), 
    "roles" : [

    ], 
    "hasInsurance" : false, 
    "id" : NumberInt(0), 
    "isDeleted" : false, 
    "isActive" : false, 
    "gender" : "male", 
    "email" : "test@gmail.com", 
    "password" : "U2FsdGVkX18f3CK/+FfGRdrFCB7p9WsFvaEK0Z5jvb0=", 
    "fullName" : "diaa", 
    "phone" : "01123030944", 
    "idNumber" : "012312341234", 
    "counter" : NumberInt(0), 
    "varifyMessage" : "9769", 
    "image" : [

    ], 
    "cardImage" : [

    ], 
    "createdAt" : ISODate("2021-06-17T11:58:17.030+0000"), 
    "updatedAt" : ISODate("2021-06-17T11:58:17.030+0000"), 
    "__v" : NumberInt(0)
}
{ 
    "_id" : ObjectId("60cb392bd108e2d5d827ed24"), 
    "roles" : [
        "[]"
    ], 
    "hasInsurance" : false, 
    "id" : NumberInt(0), 
    "isDeleted" : false, 
    "isActive" : false, 
    "idNumber" : "111ee1111", 
    "phone" : "01004500320", 
    "password" : "U2FsdGVkX1+ONl86uyaM4RCrjiKazwrJdFAY/VYLWQo=", 
    "fullName" : "asdw3", 
    "insuranceCompany" : ObjectId("60b11978bc628f28603bb621"), 
    "gender" : "male", 
    "insuranceNumber" : "fff12syyryd8", 
    "email" : "a.ihw@a.com", 
    "counter" : NumberInt(0), 
    "varifyMessage" : "4593", 
    "image" : [

    ], 
    "cardImage" : [

    ], 
    "createdAt" : ISODate("2021-06-17T11:59:39.432+0000"), 
    "updatedAt" : ISODate("2021-06-17T12:58:27.995+0000"), 
    "__v" : NumberInt(0), 
    "contractingCompany" : "innovalz"
}
{ 
    "_id" : ObjectId("60cb39f7d108e2d5d827ed25"), 
    "roles" : [

    ], 
    "hasInsurance" : false, 
    "id" : NumberInt(0), 
    "isDeleted" : false, 
    "isActive" : true, 
    "fullName" : "test", 
    "password" : "U2FsdGVkX1+9DxxjEWxMFweg4YuGz+h3mh1fBusi90w=", 
    "phone" : "01122330445", 
    "gender" : "male", 
    "idNumber" : "012312341234", 
    "email" : "test@gmail.com", 
    "counter" : NumberInt(0), 
    "varifyMessage" : "9508", 
    "image" : [

    ], 
    "cardImage" : [

    ], 
    "createdAt" : ISODate("2021-06-17T12:03:03.764+0000"), 
    "updatedAt" : ISODate("2021-06-17T12:15:31.568+0000"), 
    "__v" : NumberInt(0)
}
{ 
    "_id" : ObjectId("60cb46c622030910b06d3cbc"), 
    "roles" : [

    ], 
    "hasInsurance" : false, 
    "id" : NumberInt(0), 
    "isDeleted" : false, 
    "isActive" : true, 
    "email" : "diaa@gmail.com", 
    "fullName" : "diaa", 
    "phone" : "01111111111", 
    "gender" : "male", 
    "password" : "U2FsdGVkX19YYSgEiE4oEBXmQ7Tib5jsDSC7wmo7w8U=", 
    "idNumber" : "123412341234", 
    "counter" : NumberInt(0), 
    "varifyMessage" : "1495", 
    "image" : [

    ], 
    "cardImage" : [

    ], 
    "createdAt" : ISODate("2021-06-17T12:57:42.713+0000"), 
    "updatedAt" : ISODate("2021-06-17T12:59:24.985+0000"), 
    "__v" : NumberInt(0)
}
