{ 
    "_id" : ObjectId("6106f7f1464237089eb53974"), 
    "name" : "dida", 
    "mobile" : "01122334455", 
    "email" : "testdoctor@gmail.com", 
    "password" : "123123", 
    "image_url" : [
        {
            "name" : ""
        }
    ], 
    "type" : "doctor", 
    "profile" : {
        "name" : "dida", 
        "mobile" : "01122334455", 
        "image_url" : [
            {
                "name" : ""
            }
        ]
    }, 
    "ref_info" : {
        "_id" : ObjectId("6106f7f1464237089eb53973")
    }, 
    "permissions" : [

    ], 
    "roles" : [

    ], 
    "added_user_info" : {
        "id" : null, 
        "email" : null, 
        "date" : ISODate("2021-08-01T19:37:21.855+0000"), 
        "ip" : null
    }, 
    "id" : NumberInt(57)
}
{ 
    "_id" : ObjectId("6106fb1f464237089eb5397e"), 
    "name" : "diaa", 
    "mobile" : "01122334444", 
    "email" : "diaasaeed12@gmail.com", 
    "password" : "12341234", 
    "image_url" : [
        {
            "name" : ""
        }
    ], 
    "type" : "patient", 
    "profile" : {
        "name" : "diaa", 
        "mobile" : "01122334444", 
        "image_url" : [
            {
                "name" : ""
            }
        ]
    }, 
    "ref_info" : {
        "_id" : ObjectId("6106fb1f464237089eb5397d")
    }, 
    "permissions" : [

    ], 
    "roles" : [

    ], 
    "added_user_info" : {
        "id" : null, 
        "email" : null, 
        "date" : ISODate("2021-08-01T19:50:55.187+0000"), 
        "ip" : null
    }, 
    "id" : NumberInt(58)
}
{ 
    "_id" : ObjectId("6107ba8fd0e670425241e0bf"), 
    "name" : "amr", 
    "mobile" : "01254884848", 
    "email" : "amr11@gmail.com", 
    "password" : "111111111", 
    "image_url" : [
        {
            "name" : ""
        }
    ], 
    "type" : "patient", 
    "profile" : {
        "name" : "amr", 
        "mobile" : "01254884848", 
        "image_url" : [
            {
                "name" : ""
            }
        ]
    }, 
    "ref_info" : {
        "_id" : ObjectId("6107ba8fd0e670425241e0be")
    }, 
    "permissions" : [

    ], 
    "roles" : [

    ], 
    "added_user_info" : {
        "id" : null, 
        "email" : null, 
        "date" : ISODate("2021-08-02T09:27:43.739+0000"), 
        "ip" : null
    }, 
    "id" : NumberInt(59)
}
{ 
    "_id" : ObjectId("6107de40d0e670425241e0d3"), 
    "name" : "diaa22", 
    "mobile" : "01122334488", 
    "email" : "dida@gmail.com", 
    "password" : "123123", 
    "image_url" : [
        {
            "name" : "/api/image/patients/image_1627905595956.png"
        }
    ], 
    "type" : "doctor", 
    "profile" : {
        "name" : "diaa22", 
        "mobile" : "01122334488", 
        "image_url" : [
            {
                "name" : "/api/image/patients/image_1627905595956.png"
            }
        ]
    }, 
    "ref_info" : {
        "_id" : ObjectId("6107de40d0e670425241e0d2")
    }, 
    "permissions" : [

    ], 
    "roles" : [

    ], 
    "added_user_info" : {
        "id" : null, 
        "email" : null, 
        "date" : ISODate("2021-08-02T12:00:00.642+0000"), 
        "ip" : null
    }, 
    "id" : NumberInt(60)
}
{ 
    "_id" : ObjectId("61096da9a5ce00f1f47b027b"), 
    "name" : "test", 
    "mobile" : "01122223333", 
    "email" : "test1@gmail.com", 
    "password" : "1", 
    "username" : "test", 
    "image_url" : null, 
    "type" : "pharmacy", 
    "profile" : {
        "name" : "test", 
        "mobile" : "01122223333", 
        "image_url" : null
    }, 
    "ref_info" : {
        "_id" : ObjectId("61096da9a5ce00f1f47b027a")
    }, 
    "permissions" : [

    ], 
    "roles" : [

    ], 
    "added_user_info" : {
        "id" : null, 
        "email" : null, 
        "date" : ISODate("2021-08-03T16:24:09.818+0000"), 
        "ip" : null
    }, 
    "id" : NumberInt(61)
}
{ 
    "_id" : ObjectId("610f90def8b32fdd597bb8d8"), 
    "name" : "test88", 
    "mobile" : "122333334445", 
    "email" : "test3@gmail.com", 
    "password" : "123123", 
    "username" : "test88", 
    "image_url" : null, 
    "type" : "pharmacy", 
    "profile" : {
        "name" : "test88", 
        "mobile" : "122333334445", 
        "image_url" : null
    }, 
    "ref_info" : {
        "_id" : ObjectId("610f90def8b32fdd597bb8d7")
    }, 
    "permissions" : [

    ], 
    "roles" : [

    ], 
    "added_user_info" : {
        "id" : null, 
        "email" : null, 
        "date" : ISODate("2021-08-08T08:07:58.731+0000"), 
        "ip" : null
    }, 
    "id" : NumberInt(62)
}
{ 
    "_id" : ObjectId("610fc58228a7adec93fd68c3"), 
    "name" : "did a", 
    "mobile" : "01231231233", 
    "email" : "testdoctor2@gmail.com", 
    "password" : "123123", 
    "image_url" : [
        {
            "name" : ""
        }
    ], 
    "type" : "doctor", 
    "profile" : {
        "name" : "did a", 
        "mobile" : "01231231233", 
        "image_url" : [
            {
                "name" : ""
            }
        ]
    }, 
    "ref_info" : {
        "_id" : ObjectId("610fc58228a7adec93fd68c2")
    }, 
    "permissions" : [

    ], 
    "roles" : [

    ], 
    "added_user_info" : {
        "id" : null, 
        "email" : null, 
        "date" : ISODate("2021-08-08T11:52:34.711+0000"), 
        "ip" : null
    }, 
    "id" : NumberInt(63)
}
{ 
    "_id" : ObjectId("610fd900721dcafcb0f05130"), 
    "name" : "test12@gmail.com", 
    "mobile" : "01122334413", 
    "email" : "test12@gmail.com", 
    "password" : "123123", 
    "image_url" : [
        {
            "name" : "/api/image/patients/image_1628428543066.png"
        }
    ], 
    "type" : "patient", 
    "profile" : {
        "name" : "test12@gmail.com", 
        "mobile" : "01122334413", 
        "image_url" : [
            {
                "name" : "/api/image/patients/image_1628428543066.png"
            }
        ]
    }, 
    "ref_info" : {
        "_id" : ObjectId("610fd900721dcafcb0f0512f")
    }, 
    "permissions" : [

    ], 
    "roles" : [

    ], 
    "added_user_info" : {
        "id" : null, 
        "email" : null, 
        "date" : ISODate("2021-08-08T13:15:44.471+0000"), 
        "ip" : null
    }, 
    "id" : NumberInt(64)
}
{ 
    "_id" : ObjectId("610fdbc4721dcafcb0f05134"), 
    "name" : "test123", 
    "mobile" : "01122334440", 
    "email" : "test1234@gmail.com", 
    "password" : "12341234", 
    "image_url" : [
        {
            "name" : "/api/image/patients/image_1628429221192.png"
        }
    ], 
    "type" : "patient", 
    "profile" : {
        "name" : "test123", 
        "mobile" : "01122334440", 
        "image_url" : [
            {
                "name" : "/api/image/patients/image_1628429221192.png"
            }
        ]
    }, 
    "ref_info" : {
        "_id" : ObjectId("610fdbc4721dcafcb0f05133")
    }, 
    "permissions" : [

    ], 
    "roles" : [

    ], 
    "added_user_info" : {
        "id" : null, 
        "email" : null, 
        "date" : ISODate("2021-08-08T13:27:32.944+0000"), 
        "ip" : null
    }, 
    "id" : NumberInt(65)
}
{ 
    "_id" : ObjectId("610fe504721dcafcb0f0515a"), 
    "name" : "diaaSaeed", 
    "mobile" : "0123456789", 
    "email" : "testconsult@test.com", 
    "password" : "123", 
    "image_url" : null, 
    "type" : "consultationDoctor", 
    "profile" : {
        "name" : "diaaSaeed", 
        "mobile" : "0123456789", 
        "image_url" : null
    }, 
    "ref_info" : {
        "_id" : ObjectId("610fe504721dcafcb0f05159")
    }, 
    "permissions" : [

    ], 
    "roles" : [

    ], 
    "added_user_info" : {
        "id" : null, 
        "email" : null, 
        "date" : ISODate("2021-08-08T14:07:00.518+0000"), 
        "ip" : null
    }, 
    "id" : NumberInt(66)
}
{ 
    "_id" : ObjectId("610fe54b721dcafcb0f0515d"), 
    "name" : "diaaSaeed2", 
    "mobile" : "0123456782", 
    "email" : "testconsult1@test.com", 
    "password" : "123", 
    "image_url" : null, 
    "type" : "consultationDoctor", 
    "profile" : {
        "name" : "diaaSaeed2", 
        "mobile" : "0123456782", 
        "image_url" : null
    }, 
    "ref_info" : {
        "_id" : ObjectId("610fe54b721dcafcb0f0515c")
    }, 
    "permissions" : [

    ], 
    "roles" : [

    ], 
    "added_user_info" : {
        "id" : null, 
        "email" : null, 
        "date" : ISODate("2021-08-08T14:08:11.417+0000"), 
        "ip" : null
    }, 
    "id" : NumberInt(67)
}
{ 
    "_id" : ObjectId("610fe651721dcafcb0f05160"), 
    "name" : "test12345", 
    "mobile" : "01133445522", 
    "email" : "test12345@gmail.com", 
    "password" : "123123", 
    "username" : "test1234", 
    "image_url" : null, 
    "type" : "pharmacy", 
    "profile" : {
        "name" : "test12345", 
        "mobile" : "01133445522", 
        "image_url" : null
    }, 
    "ref_info" : {
        "_id" : ObjectId("610fe651721dcafcb0f0515f")
    }, 
    "permissions" : [

    ], 
    "roles" : [

    ], 
    "added_user_info" : {
        "id" : null, 
        "email" : null, 
        "date" : ISODate("2021-08-08T14:12:33.684+0000"), 
        "ip" : null
    }, 
    "id" : NumberInt(68)
}
{ 
    "_id" : ObjectId("6112f9bae63a92dcf036ea8b"), 
    "name" : "ahmed", 
    "mobile" : "01004500951", 
    "email" : "test10@test.com", 
    "password" : "123", 
    "image_url" : [
        {
            "name" : "//api/image/patients/image_1625738816594.png"
        }
    ], 
    "type" : "patient", 
    "profile" : {
        "name" : "ahmed", 
        "mobile" : "01004500951", 
        "image_url" : [
            {
                "name" : "//api/image/patients/image_1625738816594.png"
            }
        ]
    }, 
    "ref_info" : {
        "_id" : ObjectId("6112f9bae63a92dcf036ea8a")
    }, 
    "permissions" : [

    ], 
    "roles" : [

    ], 
    "added_user_info" : {
        "id" : null, 
        "email" : null, 
        "date" : ISODate("2021-08-10T22:12:10.842+0000"), 
        "ip" : null
    }, 
    "id" : NumberInt(69)
}
{ 
    "_id" : ObjectId("61133e00d777561cd5d00783"), 
    "name" : "amr", 
    "mobile" : "01090281022", 
    "email" : "amrc1@gmail.com", 
    "password" : "111111111", 
    "image_url" : null, 
    "type" : "consultationDoctor", 
    "profile" : {
        "name" : "amr", 
        "mobile" : "01090281022", 
        "image_url" : null
    }, 
    "ref_info" : {
        "_id" : ObjectId("61133e00d777561cd5d00782")
    }, 
    "permissions" : [

    ], 
    "roles" : [

    ], 
    "added_user_info" : {
        "id" : null, 
        "email" : null, 
        "date" : ISODate("2021-08-11T03:03:28.181+0000"), 
        "ip" : null
    }, 
    "id" : NumberInt(70)
}
