[
    {
        "name": "goves",
        "en": "Goves",
        "ar": "المحافظات"
    },
    {
        "name": "goves_new",
        "en": "New Gov",
        "ar": "محافظة جديدة"
    },
    {
        "name": "goves_add",
        "en": "Add Gov",
        "ar": "إضافة محافظة "
    },
    {
        "name": "goves_edit",
        "en": "Edit Gov",
        "ar": "تعديل محافظة "
    },
    {
        "name": "acountActivated",
        "en": "acount Activated",
        "ar": "تم تفعيل الحساب"
    },
    {
        "name": "goves_delete",
        "en": "Delete Gov",
        "ar": "حذف محافظة "
    },
    {
        "name": "goves_name",
        "en": "Gov Name",
        "ar": "إسم المحافظة "
    },
    {
        "name": "nameExist",
        "en": "Name Exist",
        "ar": "الاسم موجود من قبل "
    },
    {
        "name": "userNameIsExist",
        "en": "userName Is Exist",
        "ar": "اسم المستخدم متواجد من قبل"
    },
    {
        "name": "emailIsExist",
        "en": "Email Is Exist",
        "ar": "الايميل متواجد من قبل"
    },
    {
        "name": "phoneIsExist",
        "en": "Phone Is Exist",
        "ar": "التليفون متواجد من قبل"
    },
    {
        "name": "passwordMissing",
        "en": "Password Missing",
        "ar": "الباسوورد غير موجود"
    },
    {
        "name": "pharmacyCreated",
        "en": "pharmacy Created",
        "ar": "تم انشاء الصيدلية"
    },
    {
        "name": "acountNotAvailable",
        "en": "Account Not Available",
        "ar": "الحساب غير متواجد"
    },
    {
        "name": "acountStillAvailable",
        "en": "Account Still Available",
        "ar": "الحساب متواجد"
    },
    {
        "name": "acountAvailable",
        "en": "Account Available",
        "ar": "الحساب متواجد"
    },
    {
        "name": "acountStillUnAvailable",
        "en": "Account Still UnAvailable",
        "ar": "الحساب غير متاح"
    }
    ,
    {
        "name": "findOrder",
        "en": "Find Order",
        "ar": "تم العثور على الطلب"
    }
    ,
    {
        "name": "orderNotFound",
        "en": "order Not Found",
        "ar": "لم يتم العثور على الطلب"
    }
    ,
    {
        "name": "pharmacyDeleted",
        "en": "pharmacy Deleted",
        "ar": "تم حذف الصيدليه"
    }

]