[
    {
        "name": "userName",
        "en": "UserName",
        "ar": "اسم المستخدم"
    },
   
    {
        "name": "pharmacyName",
        "en": "pharmacy Name",
        "ar": "اسم الصيدلية"
    },
    {
        "name": "branch",
        "en": "branch",
        "ar": "الفرع"
    },
    {
        "name": "lat",
        "en": "latitude",
        "ar": "دوائر العرض "
    },
    
    {
        "name": "long",
        "en": "longitude",
        "ar": " خطوط الطول "
    },






    {
        "name": "pharmacy",
        "en": "Pharmacy",
        "ar": "الصيدلية"
    },
    {
        "name": "pharmacy_new",
        "en": "New Pharmacy",
        "ar": "صيدلية جديدة"
    },
    {
        "name": "pharmacy_add",
        "en": "Add Pharmacy",
        "ar": "إضافة صيدلية "
    },
    {
        "name": "pharmacy_edit",
        "en": "Edit Pharmacy",
        "ar": "تعديل صيدلية "
    },
    {
        "name": "pharmacy_details",
        "en": "Pharmacy Details",
        "ar": "تفاصيل صيدلية "
    },
    {
        "name": "acountActivated",
        "en": "acount Activated",
        "ar": "تم تفعيل الحساب"
    },
    {
        "name": "pharmacy_delete",
        "en": "Delete Pharmacy",
        "ar": "حذف صيدلية "
    },
    {
        "name": "pharmacy_name",
        "en": "Pharmacy Name",
        "ar": "إسم الصيدلية "
    },
    {
        "name": "nameExist",
        "en": "Name Exist",
        "ar": "الاسم موجود من قبل "
    },
    {
        "name": "userNameIsExist",
        "en": "userName Is Exist",
        "ar": "اسم المستخدم متواجد من قبل"
    },
    {
        "name": "emailIsExist",
        "en": "Email Is Exist",
        "ar": "الايميل متواجد من قبل"
    },
    {
        "name": "phoneIsExist",
        "en": "Phone Is Exist",
        "ar": "التليفون متواجد من قبل"
    },
    {
        "name": "passwordMissing",
        "en": "Password Missing",
        "ar": "الباسوورد غير موجود"
    },
    {
        "name": "pharmacyCreated",
        "en": "pharmacy Created",
        "ar": "تم انشاء الصيدلية"
    },
    {
        "name": "acountNotAvailable",
        "en": "Account Not Available",
        "ar": "الحساب غير متواجد"
    },
    {
        "name": "acountStillAvailable",
        "en": "Account Still Available",
        "ar": "الحساب متواجد"
    },
    {
        "name": "acountAvailable",
        "en": "Account Available",
        "ar": "الحساب متواجد"
    },
    {
        "name": "acountStillUnAvailable",
        "en": "Account Still UnAvailable",
        "ar": "الحساب غير متاح"
    }
    ,
    {
        "name": "findOrder",
        "en": "Find Order",
        "ar": "تم العثور على الطلب"
    }
    ,
    {
        "name": "orderNotFound",
        "en": "order Not Found",
        "ar": "لم يتم العثور على الطلب"
    }
    ,
    {
        "name": "pharmacyDeleted",
        "en": "pharmacy Deleted",
        "ar": "تم حذف الصيدليه"
    }
    ,
    {
        "name": "findFailed",
        "en": "find Failed",
        "ar": "لم يتم العثور على بيانات"
    },
    {
        "name": "activatePharmacy",
        "en": "Activate Pharmacy",
        "ar": "تنشيط الصيدليات"
    }



    

]