[
    {"name" : "security_app" , "en" : "Security App" , "ar":"نظام الحماية"},
    {"name" : "security_login" , "en" : "Login" , "ar":"تسجيل الدخول"},
    {"name" : "security_register" , "en" : "Register" , "ar":"تسجيل الاشتراك"},
    {"name" : "security_logout" , "en" : "Logout" , "ar":"تسجيل الخروج"},
    {"name" : "security_confirm_logout" , "en" : "Confirm Sign Out" , "ar":"تأكيد تسجيل الخروج"},
    {"name" : "security_user_email" , "en" : "User Name" , "ar":"إسم المستخدم"},
    {"name" : "security_user_password" , "en" : "Password" , "ar":"كلمة المرور"},
    {"name" : "security_user_password_return" , "en" : "Password Return" , "ar":"إعادة كتابة كلمة المرور"},
    {"name" : "security_user_name" , "en" : "Name" , "ar":"الأسم"},
    {"name" : "security_user_male" , "en" : "Male" , "ar":"ذكر"},
    {"name" : "security_user_female" , "en" : "Female" , "ar":"أنثى"},
    {"name": "password_err_match","en": "password does not match","ar": "كلمة السر غير متطابقة"},
    {"name" : "security_user_mobile" , "en" : "Mobile" , "ar":"رقم الموبيل"},
    {"name" : "security_logo" , "en" : "Logo" , "ar":"الشعار"},
    {"name" : "security_entry" , "en" : "Entry" , "ar":"دخول"},
    {"name" : "security_change_branch" , "en" : "Change Branch" , "ar":"تغيير الفرع"},
    {"name" : "security_role" , "en" : "Role" , "ar":"الصفة العامة"},
    {"name" : "security_add_role" , "en" : "Add Role" , "ar":"أضف الى الصفات العامة"},
    {"name" : "security_role_ar" , "en" : "Role Arabic" , "ar":"الإسم بالعربى"},
    {"name" : "security_role_en" , "en" : "Role English" , "ar":"الإسم بالانجليزى"},
    {"name" : "security_add_to_roles" , "en" : "Add To Roles" , "ar":"أضف الى الصفات العامة"},
    {"name" : "security_users" , "en" : "Users" , "ar":"المستخدمين"},
    {"name" : "security_roles" , "en" : "Roles" , "ar":"الصفات العامة"},
    {"name" : "security_accounting_roles" , "en" : "Accounting Roles" , "ar":"الحسابات"},
    {"name" : "security_hr_roles" , "en" : "Hr Roles" , "ar":"الموظفين"},
    {"name" : "security_inventory_roles" , "en" : "Inventory Roles" , "ar":"المخازن"},
    {"name" : "security_custom_roles" , "en" : "Custom Roles" , "ar":"مخصصة"},
    {"name" : "security_public_roles" , "en" : "Public Roles" , "ar":"عامه"},
    {"name" : "security_permissions" , "en" : "Permissions" , "ar":"الصلاحيات"},
    {"name" : "security_public_permissions" , "en" : "Public Permissions" , "ar":"صلاحيات الشاشات العامه"},
    {"name" : "security_new_user" , "en" : "New User" , "ar":"مستخدم جديد"},
    {"name" : "security_new_role" , "en" : "New Role" , "ar":"صفه جديدة"},
    {"name" : "security_add_user" , "en" : "Add User" , "ar":"أضف الى المستخدمين"},
    {"name" : "security_user_details" , "en" : "User Details" , "ar":"تفاصيل المستخدم"},
    {"name" : "security_role_details" , "en" : " Details" , "ar":"تفاصيل "},
    {"name" : "security_role_edit" , "en" : " Edit" , "ar":"تعديل "},
    {"name" : "security_role_remove" , "en" : " Eemove" , "ar":"حذف "},
    {"name" : "security_company" , "en" : "Company" , "ar":"الشركة"},
    {"name" : "security_branch" , "en" : "Branch" , "ar":"الفرع"},
    {"name" : "security_branches" , "en" : "Branches" , "ar":"صلاحية الفرع"},
    {"name" : "security_basic_information" , "en" : "Basic Information" , "ar":"البيانات الاساسية"},
    {"name" : "security_accounting_permissions" , "en" : "Accounting Permissions" , "ar":"صلاحيات موديل الحسابات"},
    {"name" : "security_hr_permissions" , "en" : "HR Permissions" , "ar":"صلاحيات موديل الموظفين"},
    {"name" : "security_inventory_permissions" , "en" : "Inventory Permissions" , "ar":"صلاحيات موديل المخازن"},
    {"name" : "security_report_permissions" , "en" : "Reporting Permissions" , "ar":"صلاحيات موديل التقارير"},
    {"name" : "security_load_user_companies" , "en" : "Show Branches" , "ar":"عرض الفروع"},
    {"name" : "security_actions" , "en" : "Actions" , "ar":"الاجراءات"},
    {"name" : "actions" , "en" : "Actions" , "ar":"الاجراءات"},
    {"name" : "edit" , "en" : "Edit" , "ar":"تعديل"},
    {"name" : "save" , "en" : "Save Changes" , "ar":"حفظ التغيرات"},
    {"name" : "delete" , "en" : "Delete" , "ar":"حذف"},
    {"name" : "details" , "en" : "Details" , "ar":"تفاصيل"},
    {"name" : "notes" , "en" : "Notes" , "ar":"ملاحظات"},
    {"name" : "files" , "en" : "Files" , "ar":"ملفات"},
    {"name" : "file_name" , "en" : "File Name" , "ar":"أسم الملف"},
    {"name" : "ar_lang" , "en" : "اللغة العربية" , "ar":"اللغة العربية"},
    {"name" : "en_lang" , "en" : "English" , "ar":"English"},
    {"name" : "close" , "en" : "Close" , "ar":"أغلاق"},
    {"name" : "entry" , "en" : "Entry" , "ar":"دخول"},
    {"name" : "role_details" , "en" : "Role Details" , "ar":"تفاصيل الصفات"}


]