[
    {
        "name": "consultationDoctors_add",
        "en": "Add consultation Doctors",
        "ar": "اضافة استشاري"
    },
    {
        "name": "fullName",
        "en": "Full Name",
        "ar": "الاسم بالكامل"
    },
    {
        "name": "consultationDoctors_delete",
        "en": "Delete consultation Doctors",
        "ar": "حذف استشاري "
    },
    {
        "name": "consultationDoctors",
        "en": "consultation Doctors",
        "ar": "الاستشاريين"
    },
    {
        "name": "consultationDoctors_new",
        "en": "New consultation Doctors",
        "ar": "استشاري جديد "
    },
    {
        "name": "consultationDoctors_edit",
        "en": "Edit Consultation Doctor",
        "ar": "تعديل الاستشاريين"
    },
    {
        "name": "consultationDoctors_details",
        "en": "consultation Doctors details",
        "ar": "تفاصيل الاستشاريين "
    },
    {
        "name": "nameExist",
        "en": "Name Exist",
        "ar": "الاسم موجود من قبل "
    },
    {
        "name": "doctorsCreated",
        "en": "Doctor Created",
        "ar": "تم انشاء دكتور"
    },
    {
        "name": "doctorsDeleted",
        "en": "Doctor Deleted",
        "ar": "تم حذف دكتور"
    },
    {
        "name": "failedDelete",
        "en": "Failed Delete",
        "ar": "حدثت مشكلة اثناء الحذف"
    },
    {
        "name": "updatePassword",
        "en": "password updated",
        "ar": "تم تعديل كلمة السر"
    },
    {
        "name": "passwordNotCorrect",
        "en": "password not correct",
        "ar": "كلمة السر غير صحيحة"
    }

    
]