[
    {
        "name": "goves",
        "en": "Goves",
        "ar": "المحافظات"
    },
    {
        "name": "goves_new",
        "en": "New Gov",
        "ar": "محافظة جديدة"
    },
    {
        "name": "goves_add",
        "en": "Add Gov",
        "ar": "إضافة محافظة "
    },
    {
        "name": "goves_edit",
        "en": "Edit Gov",
        "ar": "تعديل محافظة "
    },
    {
        "name": "goves_details",
        "en": "Gov Details",
        "ar": "تفاصيل المحافظة "
    },
    {
        "name": "goves_delete",
        "en": "Delete Gov",
        "ar": "حذف محافظة "
    },
    {
        "name": "goves_name",
        "en": "Gov Name",
        "ar": "إسم المحافظة "
    },
    {
        "name": "nameExist",
        "en": "Name Exist",
        "ar": "الاسم موجود من قبل "
    },
    {
        "name": "doctorsCreated",
        "en": "Doctor Created",
        "ar": "تم انشاء دكتور"
    },
    {
        "name": "doctorsDeleted",
        "en": "Doctor Deleted",
        "ar": "تم حذف دكتور"
    },
    {
        "name": "failedDelete",
        "en": "Failed Delete",
        "ar": "حدثت مشكلة اثناء الحذف"
    },
    {
        "name": "updatePassword",
        "en": "password updated",
        "ar": "تم تعديل كلمة السر"
    },
    {
        "name": "passwordNotCorrect",
        "en": "password not correct",
        "ar": "كلمة السر غير صحيحة"
    }

    
]