[
    {
        "name": "address_new",
        "en": "new Address",
        "ar": "عنوان جديد"
    },
    {
        "name": "address_add",
        "en": "Add Address",
        "ar": "اضافة عنوان"
    },
    {
        "name": "district",
        "en": "district",
        "ar": "المنطقة "
    },
    {
        "name": "streetName",
        "en": "street Name",
        "ar": "اسم الشارع "
    },
    {
        "name": "buildingNumber",
        "en": "building Number",
        "ar": "رقم البناء "
    },
    {
        "name": "role",
        "en": "role",
        "ar": "الدور "
    },
    {
        "name": "apartmentNumber",
        "en": "apartment Number",
        "ar": "رقم الشقة "
    },
    {
        "name": "specialMark",
        "en": "special Mark",
        "ar": "علامة مميزة "
    },
    {
        "name": "addressLocation",
        "en": "address Location",
        "ar": "الموقع"
    },
    {
        "name": "address_delete",
        "en": "Delete address",
        "ar": "حذف العنوان"
    },
    {
        "name": "address_edit",
        "en": "Edit address",
        "ar": "تعديل العنوان"
    },
    {
        "name": "address_details",
        "en": "address Details",
        "ar": "تفاصيل العنوان"
    },
    {
        "name": "goves_name",
        "en": "Gov Name",
        "ar": "إسم المحافظة "
    },
    {
        "name": "nameExist",
        "en": "Name Exist",
        "ar": "الاسم موجود من قبل "
    },
    {
        "name": "addressCreated",
        "en": "Address Created",
        "ar": "تم انشاء عنوان"
    },
    
    {
        "name": "errorHappened",
        "en": "Error Happened",
        "ar": "حدث خطأ اثناء التنفيذ"
    },
    
    {
        "name": "updatedSuccessfully",
        "en": "updated Successfully",
        "ar": "تم التعديل بنجاح"
    },
    
    {
        "name": "failedUpdated",
        "en": "failed Updated",
        "ar": "فشل في عملية التعديل"
    },
    {
        "name": "failedUpdate",
        "en": "failed Updated",
        "ar": "فشل في عملية التعديل"
    },
    
    {
        "name": "findSuccessfully",
        "en": "find Successfully",
        "ar": "تم العثور على نتيجة بنجاح"
    },
    
    {
        "name": "findFailed",
        "en": "No Data Are Found",
        "ar": "لم يتم العثور على نتائج"
    },
    {
        "name": "addressDeleted",
        "en": "address Deleted",
        "ar": "تم حذف العنوان"
    },
    {
        "name": "failedDelete",
        "en": "failed Delete",
        "ar": "فشل في عملية الحذف"
    },
    {
        "name": "findFailed",
        "en": "No Data Are Found",
        "ar": "لم يتم العثور على نتائج"
    },
    {
        "name": "findFailed",
        "en": "No Data Are Found",
        "ar": "لم يتم العثور على نتائج"
    },
    {
        "name": "findFailed",
        "en": "No Data Are Found",
        "ar": "لم يتم العثور على نتائج"
    },
    {
        "name": "findFailed",
        "en": "No Data Are Found",
        "ar": "لم يتم العثور على نتائج"
    }

]