[
    {
        "name": "goves",
        "en": "Goves",
        "ar": "المحافظات"
    },
    {
        "name": "bookingCanceled",
        "en": "booking Canceled",
        "ar": "تم الغاء الحجز"
    },
    {
        "name": "bookingAdded",
        "en": "booking Added",
        "ar": "تم اضافة حجز"
    },
    {
        "name": "goves_edit",
        "en": "Edit Gov",
        "ar": "تعديل محافظة "
    },
    {
        "name": "goves_details",
        "en": "Gov Details",
        "ar": "تفاصيل المحافظة "
    },
    {
        "name": "goves_delete",
        "en": "Delete Gov",
        "ar": "حذف محافظة "
    },
    {
        "name": "appointmentAlreadyConfirmed",
        "en": "appointment Already Confirmed",
        "ar": "المعاد محجوز من قبل "
    },
    {
        "name": "appointmentConfirmed",
        "en": "appointment Confirmed",
        "ar": "تم تاكيد الحجز"
    },
    {
        "name": "bookingDeleted",
        "en": "booking Deleted",
        "ar": "تم حذف الباقة"
    },
    {
        "name": "bookingCreated",
        "en": "booking Created",
        "ar": "تم اضافة حجز"
    },
    {
        "name": "bookingDone",
        "en": "booking Done",
        "ar": "انتهى الحجز"
    },
    {
        "name": "findBooking",
        "en": "Bookings Found",
        "ar": "يوجد حجوزات"
        
    }
]