[
    {
        "name": "insuranceNumberNotExist",
        "en": "Insurance Number Not Exist",
        "ar": "الرقم التاميني غير موجود"
    },
    {
        "name": "balanceEnough",
        "en": "balance Enough",
        "ar": "يوجد رصيد كافي للاستشارة"
    },
    {
        "name": "balanceNotEnough",
        "en": "balance Not Enough",
        "ar": "الرصيد غير كافي "
    },
    {
        "name": "normalUser",
        "en": "normal User",
        "ar": "عميل عادي "
    },
    {
        "name": "rateUpdated",
        "en": "rate Updated",
        "ar": "تم تعديل التقييم "
    },
    {
        "name": "thisPatientSendNotificationToSendHimDiagnosisFile",
        "en": "this Patient Send Notification To Send Him Diagnosis File",
        "ar": "هذا المريض ارسل لك اشعار لعدم ارسال ملف التشخيص لحالته الصحية "
    },
    {
        "name": "noConsultation",
        "en": "No Consultation",
        "ar": "لا يوجد استشارة "
    },
    {
        "name": "notificationSent",
        "en": "notification Sent",
        "ar": "تم ارسال التنبيه"
    },
    {
        "name": "govCreated",
        "en": "Gov Created",
        "ar": "تم انشاء محافظة"
    },
    {
        "name" : "consultationFound",
        "en" : "consultations Found",
        "ar" : "يوجد استشارات سابقة"
    },
    {
        "name" : "noPreviousconsultation",
        "en" : "No Previous Consultation",
        "ar" : "لا يوجد استشارات سابقة"
    },
    {
        "name" : "noActiveconsultation",
        "en" : "No Active Consultation",
        "ar" : "لا يوجد استشارات حالية"
    },
    {
        "name" : "noAcceptedconsultation",
        "en" : "No Accepted Consultation",
        "ar" : "لا يوجد استشارات مقبولة"
    },
    {
        "name" : "consultationUpdated",
        "en" : "consultation Updated",
        "ar" : "تم تعديل حالة الاستشارة"
    },
    {
        "name" : "cantIncreaseTime",
        "en" : "can`t Increase Time",
        "ar" : "حدث خطأ اثناء زيادة الوقت"
    },
    {
        "name" : "consultationTerminated",
        "en" : "consultation Terminated",
        "ar" : "تم انهاء الاستشارة"
    },

    {
        "name" : "valueInCorrect",
        "en" : "value InCorrect",
        "ar" : "القيمة غير صحيحة"
    },

    {
        "name" : "insuranceCompanyRecharge",
        "en" : "insurance company balabce need to recharge again",
        "ar" : "برجاء اعادة شحن رصيد شركة التامين"
    },
    {
        "name" : "attachmentsSaved",
        "en" : "attachments Saved",
        "ar" : "تم حفظ المرفقات"
    }


    
    
    
]