[
    {
        "name": "main_menu",
        "en": "Main Menu",
        "ar": "القائمة الرئيسية"
    },
    {
        "name": "basic_transactions",
        "en": "Basic Transactions",
        "ar": "المعاملات الأساسية"
    },
    {
        "name": "basic_setting",
        "en": "Basic Setting",
        "ar": "الإعدادات الأساسية"
    },
    {
        "name": "menu_monitor",
        "en": "Monitor",
        "ar": "المراقبة"
    },
    {
        "name": "reset",
        "en": "Reset",
        "ar": "تهيئة"
    },
    {
        "name": "purchase_invoice",
        "en": "Purchase Invoice",
        "ar": "فواتير المشتريات"
    },
    {
        "name": "sales_invoice",
        "en": "Sales Invoice",
        "ar": "فواتير المبيعات"
    },
    {
        "name": "orders_screen_invoice",
        "en": "Orders Screen Invoice",
        "ar": "فواتير شاشة الطلبات"
    },
    {
        "name": "orders_activity_invoice",
        "en": "Orders Service Activity Invoices",
        "ar": "فواتير طلب الخدمة/النشاط"
    },
    {
        "name": "booking_hall_invoice",
        "en": "Booking A Hall Invoice",
        "ar": "فواتير حجز القاعات"
    },
    {
        "name": "trainer_account_invoice",
        "en": "Trainer Account Invoice",
        "ar": "فواتير حساب المدربين"
    },
    {
        "name": "form_course_booking_invoice",
        "en": "Form Course Booking Invoice",
        "ar": "فواتير إستمارة حجز كورس"
    },
    {
        "name": "amount_in_invoice",
        "en": "Amounts In",
        "ar": "سندات القبض"
    },
    {
        "name": "amount_out_invoice",
        "en": "Amounts Out",
        "ar": "سندات الصرف"
    },
    {
        "name": "recharge_customer_balance",
        "en": "Customer Advance Payment",
        "ar": "دفعة عميل مقدمة"
    },
    {
        "name": "reward_employees",
        "en": "Reward Employees",
        "ar": "مكافاّت الموظفين"
    },
    {
        "name": "employee_advance",
        "en": "Employee Advance",
        "ar": "سلفة موظف"
    },
    {
        "name": "payment_employee_advance",
        "en": "Payment Employee Advance",
        "ar": "تسديد سلفة موظف"
    },
    {
        "name": "security_system",
        "en": "Security System",
        "ar": "نظام الحماية"
    },
    {
        "name": "general_setting",
        "en": "General Setting",
        "ar": "إعدادات عامة"
    },
    {
        "name": "inventories",
        "en": "Inventories",
        "ar": "المخازن"
    },
    {
        "name": "pos_setting",
        "en": "Point Of Sale Setting",
        "ar": "إعدادات نقاط البيع"
    },
    {
        "name": "accounting",
        "en": "Accounting",
        "ar": "الحسابات"
    },
    {
        "name": "financial_transactions",
        "en": "Financial Transactions",
        "ar": "المعاملات المالية"
    },
    {
        "name": "inventory_transactions",
        "en": "Inventory Transactions",
        "ar": "المعاملات المخزنية"
    },
    {
        "name": "purchase_store",
        "en": "Purchase Store",
        "ar": "المشتريات المخزنية"
    },
    {
        "name": "sales_store",
        "en": "Sales Store",
        "ar": "المبيعات المخزنية"
    },
    {
        "name": "purchase_store",
        "en": "Purchase Store",
        "ar": "المشتريات المخزنية"
    },
    {
        "name": "employees",
        "en": "Employees",
        "ar": "الموظفين"
    },
    {
        "name": "reports",
        "en": "Reports",
        "ar": "التقارير"
    },
    {
        "name": "safes_payments_menus",
        "en": "Safes Payments Menu",
        "ar": "قائمة معاملات الخزينة"
    },
    {
        "name": "vendors_menu",
        "en": "Vendors",
        "ar": "الموردين"
    },
    {
        "name": "menu_monitor_tag",
        "en": "Tracking All Systems",
        "ar": "متابعة كل الانظمة"
    },
    {
        "name": "menu_workflow",
        "en": "Workflow",
        "ar": "اﻻجراءات"
    },
    {
        "name": "report_trainer_attend",
        "en": "Report Trainer Attend Course",
        "ar": "تقرير حضور الكورسات للمدربين"
    },
    {
        "name": "report_trainer_detailed",
        "en": "Report Trainer Detailed",
        "ar": "تقرير تفصيلي للمدربين"
    },
    {
        "name": "report_student_attend",
        "en": "Report Students Attend Course",
        "ar": "تقرير حضور الكورسات للطلاب"
    },
    {
        "name": "report_student_detailed",
        "en": "Report Student Detailed",
        "ar": "تقرير تفصيلي للطلاب"
    },
    {
        "name": "detailed_reports",
        "en": "Detailed Reports",
        "ar": "تقارير تفصيلية"
    },
    {
        "name": "menu_workflow_tag",
        "en": "Tracking Workflow",
        "ar": "تحرير ومتابعة اﻻجراءات"
    },
    {
        "name": "menu_settings",
        "en": "Setting",
        "ar": "الإعدادت"
    },
    {
        "name": "menu_setting_tag",
        "en": "System Setting",
        "ar": "اعدادات النظام"
    },
    {
        "name": "menus_users",
        "en": "Users",
        "ar": "المستخدمين"
    },
    {
        "name": "menus_users_permissions",
        "en": "Users Permissions",
        "ar": "صلاحيات المستخدمين"
    },
    {
        "name": "general_menus",
        "en": "General Menus",
        "ar": "قائمة الاعدادات العامة"
    },
    {
        "name": "address_menus",
        "en": "Address Menu",
        "ar": "قائمة العناوين"
    },
    {
        "name": "address_menus_manegment",
        "en": "Address Menu Manegment",
        "ar": "إدارة العناوين"
    },
    {
        "name": "menu_goves",
        "en": "Goves Menu",
        "ar": "قائمة المحافظات"
    },
    {
        "name": "menu_goves_tag",
        "en": " Goves Manegment",
        "ar": "إدارة المحافظات"
    },
    {
        "name": "invoices_menus",
        "en": "invoices Menu",
        "ar": "قائمة الفواتير"
    },
    {
        "name": "invoices_management",
        "en": "invoices Management",
        "ar": "إدارة الفواتير"
    },
    {
        "name": "order_kitchen_menus",
        "en": "Order Kitchen Menu",
        "ar": "قائمة طلبات المطبخ"
    },
    {
        "name": "order_kitchen_management",
        "en": "Order Kitchen Management",
        "ar": "طلبات المطبخ"
    },
    {
        "name": "order_distributor_menus",
        "en": "Order Distributor Menu",
        "ar": "قائمة الطلبات الموزعة"
    },
    {
        "name": "order_distributor_management",
        "en": "Order Distributor Management",
        "ar": "إدارة الطلبات الموزعة"
    },
    {
        "name": "order_slides_menus",
        "en": "Order Slides Menu",
        "ar": "حساب شريحة جلسات"
    },
    {
        "name": "order_slides_management",
        "en": "Order Slides Management",
        "ar": "إدارة شرائح الجلسات"
    },
    {
        "name": "add_course_tag",
        "en": "Add Course",
        "ar": " إضافة تعريف كورس"
    },
    {
        "name": "menu_hosting",
        "en": "Hosting",
        "ar": "الإستضافة"
    },
    {
        "name": "main_manu",
        "en": "Main Manu",
        "ar": "القائمة الرئيسية"
    },
    {
        "name": "basic_screens",
        "en": "Basic Screens",
        "ar": "الشاشات الأساسية"
    },
    {
        "name": "main",
        "en": "Main",
        "ar": "الرئيسية"
    },
    {
        "name": "club_setting",
        "en": "Club Setting",
        "ar": "إعدادات النادي"
    },
    {
        "name": "academy_setting",
        "en": "Academy Setting",
        "ar": "إعدادات الأكاديمي"
    },
    {
        "name": "restaurant_setting",
        "en": "Restaurant Setting",
        "ar": "إعدادات المطعم"
    },
    {
        "name": "lawyer_setting",
        "en": "Lawyer Office Setting",
        "ar": "إعدادات مكتب المحاماه"
    },
    {
        "name": "pos_setting",
        "en": "Pos Setting",
        "ar": "إعدادات نقطة البيع"
    },
    {
        "name": "add_hosting_tag",
        "en": "Add Hosting",
        "ar": " إضافة إستضافة"
    },
    {
        "name": "menu_report_hosting",
        "en": "Hosting Report",
        "ar": "تقرير الإستضافة"
    },
    {
        "name": "report_student_courses",
        "en": "Report Student Courses",
        "ar": "تقرير كورسات الطلاب"
    },
    {
        "name": "report_trainer_courses",
        "en": "Report Trainer Courses",
        "ar": "تقرير كورسات المدربين"
    },
    {
        "name": "report_tenants_book",
        "en": "Report Tenants Book",
        "ar": "تقرير حجز القاعات"
    },
    {
        "name": "add_course_tag",
        "en": "Add Course",
        "ar": " إضافة تعريف كورس"
    },
    {
        "name": "menu_facilities",
        "en": "Facilities",
        "ar": "تعريف المنشاّت"
    },
    {
        "name": "add_facilities_tag",
        "en": "Add Facilities",
        "ar": " إضافة تعريف منشأة"
    },
    {
        "name": "menu_total_amount",
        "en": "Total Amount",
        "ar": "إجمالي الوارد و المنصرف"
    },
    {
        "name": "inventory_reports",
        "en": "Inventory Reports",
        "ar": "تقارير المخازن "
    },
    {
        "name": "accounting_reports",
        "en": "Accounting Reports",
        "ar": "تقارير الحسابات "
    },
    {
        "name": "total_amount_tag",
        "en": "Total Amount Data",
        "ar": "بيان إجمالي الوارد و المنصرف"
    },
    {
        "name": "menu_attend_leave",
        "en": "attend & Leave",
        "ar": "الحضور و اﻹنصراف"
    },
    {
        "name": "add_attend_leave_tag",
        "en": "Add attend & Leave",
        "ar": " إضافة حضور و إنصراف"
    },
    {
        "name": "menu_book_hall",
        "en": "Book Hall Menu",
        "ar": "حجز القاعات"
    },
    {
        "name": "menu_book_hall_tag",
        "en": " Book Hall Manegment",
        "ar": "إدارة حجز القاعات"
    },
    {
        "name": "menu_city",
        "en": "City Menu",
        "ar": "قائمة المدن"
    },
    {
        "name": "menu_city_tag",
        "en": "City Manegment",
        "ar": "إدارة المدن"
    },
    {
        "name": "menu_area",
        "en": "Area Menu",
        "ar": "قائمة المناطق"
    },
    {
        "name": "menu_area_tag",
        "en": "Area Manegment",
        "ar": "إدارة المناطق"
    },
    {
        "name": "menu_class_rooms",
        "en": "Class Rooms",
        "ar": " القاعات"
    },
    {
        "name": "menu_class_rooms_tag",
        "en": "Add Class Rooms Manegment",
        "ar": "إدارة نظام القاعات"
    },
    {
        "name": "menu_courses",
        "en": "Courses Menu",
        "ar": "قائمة الكورسات"
    },
    {
        "name": "menu_courses_tag",
        "en": "Add Courses Manegment",
        "ar": "إدارة نظام الكورسات"
    },
    {
        "name": "menu_create_course",
        "en": "Create Course",
        "ar": "إنشاء الكورسات"
    },
    {
        "name": "menu_create_course_tag",
        "en": "Create Courses Manegment",
        "ar": "إدارة إنشاء الكورسات"
    },
    {
        "name": "menu_account_course",
        "en": "Account Trainer",
        "ar": "حساب المدربين"
    },
    {
        "name": "menu_account_course_tag",
        "en": "Account Trainers Manegment",
        "ar": "إدارة حساب المدربين"
    },
    {
        "name": "menu_vendors",
        "en": "Vendors Menu",
        "ar": "قائمة الموردين"
    },
    {
        "name": "menu_vendors_tag",
        "en": "Add Vendors",
        "ar": "إضافة موردين"
    },
    {
        "name": "menu_vendors_groups",
        "en": "Vendors Groups Menu",
        "ar": "قائمة مجموعة الموردين"
    },
    {
        "name": "menu_vendors_groups_tag",
        "en": "Add Vendors Groups",
        "ar": "إضافة مجموعة موردين"
    },
    {
        "name": "menu_customers",
        "en": "Customer Menu",
        "ar": "قائمة العملاء"
    },
    {
        "name": "menu_customers_tag",
        "en": "Add Customer",
        "ar": "إضافة عملاء"
    },
    {
        "name": "menu_customers_groups",
        "en": "Customer Groups Menu",
        "ar": "قائمة مجموعة العملاء"
    },
    {
        "name": "menu_customers_groups_tag",
        "en": "Add Customer Groups",
        "ar": "إضافة مجموعة عملاء"
    },
    {
        "name": "menu_book_course",
        "en": "Book Courses",
        "ar": "إستمارة حجز الكورسات"
    },
    {
        "name": "menu_book_course_tag",
        "en": "Book Courses Manegment",
        "ar": "إدارة إستمارات حجز الكورسات"
    },
    {
        "name": "menu_disease",
        "en": "Diseases",
        "ar": "الأمراض"
    },
    {
        "name": "menu_disease_tag",
        "en": "Add Diseases Manegment",
        "ar": "إدارة نظام الأمراض"
    },
    {
        "name": "menu_medicine",
        "en": "Medicines",
        "ar": "الأدوية"
    },
    {
        "name": "menu_medicine_tag",
        "en": "Add Medicines Manegment",
        "ar": "إدارة نظام الأدوية"
    },
    {
        "name": "menu_tenant",
        "en": "Tenants",
        "ar": "المستأجرين"
    },
    {
        "name": "menu_tenant_tag",
        "en": "Add Tenants Manegment",
        "ar": "إدارة نظام المستأجرين"
    },
    {
        "name": "menu_booking",
        "en": "Booking",
        "ar": "الحجز"
    },
    {
        "name": "menu_booking_tag",
        "en": "Add Booking Manegment",
        "ar": "إدارة نظام الحجز"
    },
    {
        "name": "menu_company",
        "en": "company",
        "ar": "الشركة"
    },
    {
        "name": "menu_company_tag",
        "en": "Add company Manegment",
        "ar": "إدارة نظام الشركة"
    },
    {
        "name": "menu_jobs",
        "en": "Jobs",
        "ar": "الوظائف"
    },
    {
        "name": "menu_jobs_tag",
        "en": "Add Jobs Manegment",
        "ar": "إدارة نظام الوظائف"
    },
    {
        "name": "stores_menus",
        "en": "Stores Menu",
        "ar": " المخازن"
    },
    {
        "name": "stores_mgmt",
        "en": "Stores Management",
        "ar": "إدارة المخازن"
    },
    {
        "name": "menu_employee",
        "en": "Employee",
        "ar": "الموظفين"
    },
    {
        "name": "menu_employee_tag",
        "en": "Employee Manegment",
        "ar": "إدارة الموظفين"
    },
    {
        "name": "menu_trainer",
        "en": "Trainer",
        "ar": "المدربين"
    },
    {
        "name": "menu_trainer_tag",
        "en": "Trainer Manegment",
        "ar": "إدارة المدربين"
    },
    {
        "name": "menu_employee_job_tag",
        "en": "Employee & Job Manegment",
        "ar": "إدارة شئون الموظفين"
    },
    {
        "name": "menu_job_employee_tag",
        "en": "Add job & Employee Manegment",
        "ar": "إدارة نظام شئون الموظفين"
    },
    {
        "name": "menu_students",
        "en": "Students",
        "ar": " الطلاب"
    },
    {
        "name": "menu_students_tag",
        "en": "Add Students Manegment",
        "ar": "إدارة نظام  الطلاب"
    },
    {
        "name": "monitoring_menus",
        "en": "Monitoring System",
        "ar": "المراقبة "
    },
    {
        "name": "monitoring",
        "en": "Full Monitoring System",
        "ar": "مراقبة شاملة لكل الانظمة"
    },
    {
        "name": "tickets_menus",
        "en": "Tickets Menu",
        "ar": " الطلبات"
    },
    {
        "name": "tickets_mgmt",
        "en": "Tickets Management",
        "ar": "إدارة الطلبات"
    },
    {
        "name": "customers_menus",
        "en": "Customers Menu",
        "ar": " العملاء"
    },
    {
        "name": "customers_mgmt",
        "en": "Customers Management",
        "ar": "إدارة العملاء"
    },
    {
        "name": "stores_menus",
        "en": "Stores Menu",
        "ar": " المخازن"
    },
    {
        "name": "stores_mgmt",
        "en": "Stores Management",
        "ar": "إدارة المخازن"
    },
    {
        "name": "accounts_menus",
        "en": "Accounts Menu",
        "ar": " الحسابات"
    },
    {
        "name": "accounts_mgmt",
        "en": "Accounts Management",
        "ar": " إدارة الحسابات"
    },
    {
        "name": "system_menus",
        "en": "System Menus",
        "ar": "قوائم النظام"
    },
    {
        "name": "system_tickets_add_menus",
        "en": "Adding Ticket",
        "ar": "إضافة بلاغ"
    },
    {
        "name": "system_tickets_customers_companies",
        "en": "Customers and Companies Tickets",
        "ar": "بلاغات الشركات والعملاء"
    },
    {
        "name": "system_tickets_slides_menus",
        "en": "tickets slides",
        "ar": "شرائح الطلبات"
    },
    {
        "name": "system_tickets_slides_count",
        "en": "Counting tickets slides",
        "ar": "حساب شرائح الطلبات"
    },
    {
        "name": "system_add_customer_menus",
        "en": "Add new Customer",
        "ar": "إضافة عميل جديد"
    },
    {
        "name": "system_customer_register",
        "en": "register new customer",
        "ar": "تسجيل عميل جديد"
    },
    {
        "name": "system_unemployee_menus",
        "en": "register new unEmployee",
        "ar": "غير الموظفين"
    },
    {
        "name": "system_unemployees",
        "en": "Un Employees",
        "ar": "غير الموظفين"
    },
    {
        "name": "system_unemployees_insurance",
        "en": "UnEmployees Insurance",
        "ar": "تأمينات غير الموظفين "
    },
    {
        "name": "system_unemployees_mobiles",
        "en": "UnEmployees Mobiles",
        "ar": "شرائح تليفون غير الموظفين "
    },
    {
        "name": "system_reports",
        "en": "Reports",
        "ar": "عرض التقارير"
    },
    {
        "name": "distributed_tickets_reports",
        "en": "Distributed Tickets Reports",
        "ar": "تقارير الطلبات الموزعة"
    },
    {
        "name": "system_stores_menus",
        "en": "Stores",
        "ar": "المخازن"
    },
    {
        "name": "system_stores",
        "en": "Stores Management",
        "ar": "إدارة المخازن"
    },
    {
        "name": "system_catagories_items_menus",
        "en": "Catagories Items",
        "ar": "قطع الغيار"
    },
    {
        "name": "system_add_catagories_items",
        "en": "Counting tickets slides",
        "ar": "حساب شرائح الطلبات"
    },
    {
        "name": "system_stores_in_menus",
        "en": "Store In / Purchase Invoice",
        "ar": "إذن وارد / فاتورة شراء"
    },
    {
        "name": "system_register_stores_in",
        "en": "Register Store in",
        "ar": "تسجيل إذن وارد / فاتورة شراء"
    },
    {
        "name": "system_stores_out_menus",
        "en": "Store Out",
        "ar": "إذن صرف / فاتورة بيع"
    },
    {
        "name": "system_register_stores_out",
        "en": "register Store Out",
        "ar": "تسجيل إذن صرف / فاتورة بيع"
    },
    {
        "name": "system_add_tax_menus",
        "en": "Add New Tax",
        "ar": "إضافة ضريبة"
    },
    {
        "name": "system_tax_types_out",
        "en": "Tax Types",
        "ar": "أنواع الضرائب"
    },
    {
        "name": "system_add_discount_menus",
        "en": "Add New Discount",
        "ar": "إضافة خصم جديد"
    },
    {
        "name": "system_discount_types",
        "en": "Discount Types",
        "ar": "أنواع الخصومات"
    },
    {
        "name": "default_setting_menus",
        "en": "Settings Default Menu",
        "ar": " قائمة الإعدادات الإفتراضية"
    },
    {
        "name": "default_setting_management",
        "en": "Settings Default Management",
        "ar": "نظام الإعدادات"
    },
    {
        "name": "system_item_transaction_menus",
        "en": "Item Transaction",
        "ar": "كارتة الصنف"
    },
    {
        "name": "report_invoices_menus",
        "en": "Report Invoices Menu",
        "ar": "قائمة تقارير الفواتير "
    },
    {
        "name": "report_sales_menus",
        "en": "Report Sales Menu",
        "ar": "قائمة تقارير مبيعات الأصناف "
    },
    {
        "name": "report_employee_user_menus",
        "en": "Report Employees Order Menu",
        "ar": "قائمة تقارير طلبات موظفين "
    },
    {
        "name": "report_employee_user_name",
        "en": "Report Employees Order",
        "ar": "تقارير طلبات موظفين "
    },
    {
        "name": "report_full_employees_menus",
        "en": "Report Full Employees Menu",
        "ar": "قائمة تقارير شاملة لطلبات الموظفين"
    },
    {
        "name": "report_full_employees_name",
        "en": "Report Full Employees Order",
        "ar": "تقرير شامل لطلبات الموظفين"
    },
    {
        "name": "system_item_details",
        "en": "Item Details",
        "ar": "تفاصيل الصنف"
    },
    {
        "name": "system_eng_item_list_menus",
        "en": "Eng Item List",
        "ar": " عهدة الفنيين"
    },
    {
        "name": "system_exchange_receipt",
        "en": "Exchange and receipt",
        "ar": " صرف وإستلام"
    },
    {
        "name": "system_eng_item_debt_menus",
        "en": "Eng Item Dept",
        "ar": " مديونية الفنيين"
    },
    {
        "name": "system_safe_menus",
        "en": "Safe",
        "ar": "الخزينة"
    },
    {
        "name": "system_add_amounts_in",
        "en": "Add Amount in",
        "ar": "إضافة بنود الوارد "
    },
    {
        "name": "system_add_amounts_out",
        "en": "Add Amount out",
        "ar": "إضافة بنود المصاريف"
    },
    {
        "name": "system_in_out_names_menus",
        "en": "Amounts In & Out Names",
        "ar": "مسميات الوارد والمنصرف"
    },
    {
        "name": "system_in_out_names",
        "en": "Add Amounts In & Out Names",
        "ar": "إضافة مسميات الوارد والمنصرف"
    },
    {
        "name": "system_amounts_report_menus",
        "en": "Amounts Report",
        "ar": "كشف حساب"
    },
    {
        "name": "system_amounts_report",
        "en": "Full Amounts Report",
        "ar": "تقرير مالي شامل"
    },
    {
        "name": "system_employees_salary_report",
        "en": "Full Employee Report",
        "ar": "تقرير مالي للموظفين"
    },
    {
        "name": "system_employees_discount_menus",
        "en": "Employee Discount",
        "ar": " خصومات الموظفين "
    },
    {
        "name": "system_employees_offers_menus",
        "en": "Employee Offer",
        "ar": " مكافئات الموظفين "
    },
    {
        "name": "system_safes_payment_menus",
        "en": "Safes Payment",
        "ar": "  معاملات الخزينة "
    },
    {
        "name": "system_engineers_report_menus",
        "en": "Engineers Calculation Salary",
        "ar": "    مرتبات الفنيين  "
    },
    {
        "name": "system_engineers_report",
        "en": "ُEngineers Calculation Salary",
        "ar": "   تقرير مالي للفنيين "
    },
    {
        "name": "system_month_employees_salary_report_menus",
        "en": "Monthly Employees Report",
        "ar": "   تقرير تفصيلي للمستخدمين "
    },
    {
        "name": "month_general_employees_salary_reports",
        "en": "General Monthly Employees Report",
        "ar": "   تقرير إجمالي للمستخدمين "
    },
    {
        "name": "system_employees_insurance",
        "en": "Employee Insurance System",
        "ar": "تأمينات الموظفين"
    },
    {
        "name": "system_facilities",
        "en": "Facilities Data ",
        "ar": "بيانات المنشاءات"
    },
    {
        "name": "system_facilities_add",
        "en": "Add Facility ",
        "ar": " إضافة منشأة في التامينات"
    },
    {
        "name": "system_insurance_slides",
        "en": "Insurance Slides ",
        "ar": "شرائح التأمين "
    },
    {
        "name": "system_employee_mobiles_slides",
        "en": "Employee Mobile Slides ",
        "ar": " شرائح الموبايل للموظفين "
    },
    {
        "name": "system_mobiles_slides",
        "en": "Mobile Slides ",
        "ar": " ارقام التليفونات "
    },
    {
        "name": "system_accounting_tree",
        "en": " Accounting Tree ",
        "ar": "  شجرة الحسابات "
    },
    {
        "name": "system_employee_advance",
        "en": " Employees Advance ",
        "ar": "  سلف الموظفين  "
    },
    {
        "name": "system_employee_advance_fin",
        "en": " Employees Advance End ",
        "ar": "  سداد سلف الموظفين  "
    },
    {
        "name": "system_employees_dept_menus",
        "en": " Employees Debt ",
        "ar": "  مديونية الموظفين  "
    },
    {
        "name": "month_engineers_report_menus",
        "en": " Details Engineers Report ",
        "ar": "تقرير شهري للفنيين"
    },
    {
        "name": "system_add_safes",
        "en": " Add New Safe ",
        "ar": "إضافة خزينة جديدة"
    },
    {
        "name": "details_engineers_report_menus",
        "en": " Engineers Details Report ",
        "ar": "تقرير تفصيلي للفنيين"
    },
    {
        "name": "menu_users",
        "en": " Users",
        "ar": "المستخدمين"
    },
    {
        "name": "menu_security_and_permissions",
        "en": "Users privileges",
        "ar": "الحماية والصلاحيات"
    },
    {
        "name": "system_item_details",
        "en": "Item Details",
        "ar": "تفاصيل الصنف"
    },
    {
        "name": "system_address_menus",
        "en": " Address Menu",
        "ar": "قائمة العناوين"
    },
    {
        "name": "system_address",
        "en": "Address Management",
        "ar": "إدارة العناوين "
    },
    {
        "name": "system_governorate_menus",
        "en": "governorates",
        "ar": " المحافظات"
    },
    {
        "name": "system_governorate",
        "en": " Add Governorate",
        "ar": "إضافة محافظة"
    },
    {
        "name": "system_lecture_menus",
        "en": "Lecture",
        "ar": " المحاضرات"
    },
    {
        "name": "system_lecture_add",
        "en": " Add Lecture",
        "ar": "إضافة محاضرة"
    },
    {
        "name": "system_city_menus",
        "en": "Cities",
        "ar": "المدن"
    },
    {
        "name": "system_city",
        "en": "Add City",
        "ar": "إضافة مدينة "
    },
    {
        "name": "system_village_menus",
        "en": " Villages",
        "ar": "القرى"
    },
    {
        "name": "system_village",
        "en": "Add Village",
        "ar": " إضافة قرية"
    },
    {
        "name": "system_regions_menus",
        "en": "Regions",
        "ar": " المناطق"
    },
    {
        "name": "system_regions",
        "en": " Add Regions",
        "ar": "إضافة منطقة"
    },
    {
        "name": "system_companies_menus",
        "en": " Companies",
        "ar": " الشركات"
    },
    {
        "name": "system_companies",
        "en": "Companies",
        "ar": "إدارة الشركات"
    },
    {
        "name": "system_companies_contracted",
        "en": "Company Contracted",
        "ar": "الشركات المتعاقد معها  "
    },
    {
        "name": "system_company_employee_menus",
        "en": "Employee In Contracted Company",
        "ar": " موظف في شركة"
    },
    {
        "name": "system_company_employee",
        "en": " Add Employee",
        "ar": "إضافة موظف في شركة"
    },
    {
        "name": "system_companies_catagories_menus",
        "en": "Companies Catagories",
        "ar": "فئات الشركة"
    },
    {
        "name": "system_companies_catagories",
        "en": "Add Company Catagory",
        "ar": "إضافة فئات الشركة"
    },
    {
        "name": "system_jobs_and_employees_menus",
        "en": " Jobs and Employees",
        "ar": " شئون الموظفين"
    },
    {
        "name": "system_jobs_and_employees_mgmt",
        "en": "Jobs And Employees Management",
        "ar": " إدرارة شئون الموظفين"
    },
    {
        "name": "system_employees_menus",
        "en": "Employee Menu",
        "ar": " الموظفين"
    },
    {
        "name": "tables_menus",
        "en": "Tables Menu",
        "ar": "قائمة الطاولات"
    },
    {
        "name": "tables_management",
        "en": "Tables Management",
        "ar": "إدارة تعريف الطاولات"
    },
    {
        "name": "tables_group_menus",
        "en": "Tables Group Menu",
        "ar": "قائمة مجموعة الطاولات"
    },
    {
        "name": "tables_group_management",
        "en": "Tables Group Management",
        "ar": "إدارة تعريف مجموعة الطاولات"
    },
    {
        "name": "pos_menus",
        "en": "Point Of Sale",
        "ar": "نقاط البيع"
    },
    {
        "name": "pos_management",
        "en": "Point Of Sale System Management",
        "ar": "إدارة نظام نقاط البيع"
    },
    {
        "name": "order_invoice_management",
        "en": "Orders Invoice Management",
        "ar": "طاولات / ديلفيرى / تيك اواى"
    },
    {
        "name": "order_management_management",
        "en": "Orders  Management",
        "ar": "إدارة الطلبات"
    },
    {
        "name": "order_management_menus",
        "en": "Orders Management Screen",
        "ar": "إدارة شاشة الطلبات"
    },
    {
        "name": "service_management",
        "en": "Activities Management",
        "ar": "إدارة الأنشطة"
    },
    {
        "name": "service_menus",
        "en": "Activities Menu",
        "ar": "قائمة الأنشطة"
    },
    {
        "name": "request_activity_management",
        "en": "Request Activities / Subscriptions",
        "ar": "طلبات الخدمات/الأنشطة"
    },
    {
        "name": "request_activity_menus",
        "en": "Request Activities / Subscriptions Menu",
        "ar": "قائمة طلبات الخدمات/الأنشطة"
    },
    {
        "name": "hall_management",
        "en": "Halls Management",
        "ar": "إدارة القاعات"
    },
    {
        "name": "hall_menus",
        "en": "Halls Menu",
        "ar": "قائمة القاعات"
    },
    {
        "name": "system_employee",
        "en": "Add Employee",
        "ar": " إضافة موظفين"
    },
    {
        "name": "system_employee_department_menus",
        "en": " Departments",
        "ar": " الاقسام  "
    },
    {
        "name": "system_employee_department",
        "en": " Add Employee Department",
        "ar": " إضافة قسم للموظفين"
    },
    {
        "name": "system_employee_jobs_menus",
        "en": "Jobs Menu",
        "ar": " الوظائف "
    },
    {
        "name": "system_employee_jobs",
        "en": " Add Employee Job",
        "ar": " إضافة وظيفة "
    },
    {
        "name": "system_employee_degrees_menus",
        "en": "Employee Degree Menu",
        "ar": " الدرجات الوظيفية "
    },
    {
        "name": "system_employee_degrees",
        "en": " Add Employee Degrees",
        "ar": "إضافة درجة وظيفية "
    },
    {
        "name": "system_stores_transfer_menu",
        "en": " Stores Transfer",
        "ar": "تحويلات المخازن"
    },
    {
        "name": "system_stores_transfer_management",
        "en": " Stores Transfer management",
        "ar": "إدارة تحويلات المخازن "
    },
    {
        "name": "system_social_status_menus",
        "en": "Social Status Menu",
        "ar": "  الحالة الاجتماعية "
    },
    {
        "name": "system_social_status",
        "en": "Add Social Status",
        "ar": "  إضافة الحالة الاجتماعية "
    },
    {
        "name": "system_military_menus",
        "en": " Military Menu",
        "ar": " موقف التجنيد "
    },
    {
        "name": "system_military",
        "en": " Add Status Of Recruitment",
        "ar": "الخدمة العسكرية   "
    },
    {
        "name": "system_general_menus",
        "en": "general Settings",
        "ar": " الاعدادات العامة "
    },
    {
        "name": "system_importAndExport_menus",
        "en": "import & export DB",
        "ar": "  استيراد وتصدير قواعد البيانات "
    },
    {
        "name": "companies_menus",
        "en": "Companies Menus",
        "ar": "قائمة الشركات"
    },
    {
        "name": "system_menus",
        "en": "System Menus",
        "ar": "قوائم النظام"
    },
    {
        "name": "insurance_menus",
        "en": "Insurance Menus",
        "ar": "قائمة التامينات"
    },
    {
        "name": "mobile_menus",
        "en": "Mobile Menus",
        "ar": "قائمة المحمول"
    },
    {
        "name": "delivery_employee_menus",
        "en": "Delivery Employee Menus",
        "ar": "قائمة موظفين التوصيل"
    },
    {
        "name": "delivery_employee_manage",
        "en": "Delivery Employee Management",
        "ar": "إدارة موظفين التوصيل"
    },
    {
        "name": "general_menus",
        "en": "General Menus",
        "ar": "قائمة الاعدادات العامة"
    },
    {
        "name": "kitchen_menus",
        "en": "Kitchen Menu",
        "ar": "قائمة المطابخ"
    },
    {
        "name": "kitchen_management",
        "en": "Kitchen Management",
        "ar": "إدارة المطابخ"
    },
    {
        "name": "menu_shift",
        "en": "Shifts Menu",
        "ar": "قائمة الشيفتات"
    },
    {
        "name": "menu_shift_tag",
        "en": "Shifts Manegment",
        "ar": "إدارة الشيفتات"
    }
]