[
    {
        "name": "patients",
        "en": "Patients",
        "ar": "المرضى"
    },
    {
        "name": "patients_new",
        "en": "New Patient",
        "ar": "مريض جديد"
    },
    {
        "name": "idNumber",
        "en": "ID Number",
        "ar": "رقم البطاقة"
    },
    {
        "name": "hasInsurance",
        "en": "has Insurance",
        "ar": "يملك تامين طبي"
    },
    {
        "name": "contractingCompany",
        "en": "Contracting Company",
        "ar": "اسم شركة التعاقد"
    },
    {
        "name": "insuranceNumber",
        "en": "Insurance Number",
        "ar": "الرقم التاميني"
    },
    {
        "name": "insuranceCompany",
        "en": "Insurance Company",
        "ar": "اسم شركة التامين"
    },
    {
        "name": "nameExist",
        "en": "Name Exist",
        "ar": "الاسم موجود من قبل "
    },
    {
        "name": "patients_add",
        "en": "Patient Add",
        "ar": "اضافة مريض"
    },
    {
        "name": "patients_delete",
        "en": "Patient Delete",
        "ar": "حذف مريض"
    },
    {
        "name": "patients_edit",
        "en": "Patient Edit",
        "ar": "تعديل مريض"
    },
    {
        "name": "patients_details",
        "en": "Patient Details",
        "ar": "تفاصيل مريض"
    },
    {
        "name": "findUser",
        "en": "Find User",
        "ar": "تم العثور على مستخدم"
    },
    {
        "name": "emailExist",
        "en": "Email Exist",
        "ar": "الايميل موجود من قبل"
    },
    {
        "name": "userCreated",
        "en": "User Created",
        "ar": "تم اضافة مستخدم"
    },
    {
        "name": "resetPassword",
        "en": "Reset Password Successfully",
        "ar": "تم استعادة كلمة السر بنجاح"
    },
    {
        "name": "balanceRecharge",
        "en": "balance recharged",
        "ar": "تم شحن رصيد العميل"
    },
    {
        "name": "wrongHappened",
        "en": "something wrong happened during excution",
        "ar": "حدث خطأ اقناء التنفيذ"
    },
    {
        "name": "phoneNotFound",
        "en": "Phone Number Not Found",
        "ar": "رقم التليفون غير موجود"
    },
    {
        "name": "accountActivated",
        "en": "account Has Activated",
        "ar": "تم تفعيل الحساب"
    },
    {
        "name": "accountAlreadyActivated",
        "en": "account Already Activated",
        "ar": " الحساب مفعل من قبل"
    },
    {
        "name": "codeResend",
        "en": "code Resend",
        "ar": "تم اعادة ارسال كود التفعيل"
    },
    {
        "name": "findProfile",
        "en": "find  Profile",
        "ar": "تم العثور على الملف الشخصي"
    },
    {
        "name": "noProfileFound",
        "en": "No Profile Found",
        "ar": "لم يتم العثور على الملف الشخصي"
    },
    {
        "name": "userDeleted",
        "en": "user Deleted",
        "ar": "تم حذف العميل"
    },
    {
        "name": "userNotFound",
        "en": "user Not Found",
        "ar": "هذا العميل غير موجود"
    }
    
]